Season,Year,Min_Temperature,Max_Temperature,Min_Rainfall,Max_Rainfall,Temperature,Rainfall,Price
Winter,2014,9.04,24.77,0,54.22,19.26,28.87,250.05
Winter,2014,8.99,24.76,0.04,54.23,19.26,28.94,249.96
Winter,2014,9.06,24.81,0.01,54.24,19.2,28.87,249.97
Winter,2014,9.04,24.81,0,54.23,19.24,28.89,250.01
Winter,2014,9.06,24.82,0.01,54.19,19.22,28.95,250.05
Winter,2014,9.03,24.75,0,54.23,19.25,28.88,249.97
Winter,2014,9.0,24.75,0,54.26,19.27,28.92,249.97
Winter,2014,9.01,24.75,0,54.23,19.28,28.92,250.04
Winter,2014,8.99,24.79,0.05,54.22,19.19,28.94,249.99
Winter,2014,9.01,24.76,0.03,54.21,19.27,28.88,250.02
Winter,2014,8.99,24.77,0,54.25,19.2,28.96,249.99
Winter,2014,8.98,24.76,0,54.19,19.22,28.95,250.03
Winter,2014,9.06,24.74,0,54.26,19.24,28.87,249.96
Winter,2014,9.03,24.82,0,54.19,19.23,28.95,250.04
Winter,2014,9.06,24.79,0,54.22,19.19,28.89,249.99
Winter,2014,9.04,24.74,0.04,54.21,19.18,28.92,250.01
Winter,2014,9.02,24.76,0.01,54.26,19.26,28.91,250.02
Winter,2014,9.01,24.74,0,54.26,19.2,28.91,250.05
Winter,2014,9.03,24.73,0,54.18,19.26,28.89,249.98
Winter,2014,9.0,24.81,0,54.21,19.26,28.91,250.04
Winter,2014,9.03,24.8,0.04,54.24,19.25,28.93,250.01
Winter,2014,9.01,24.74,0.02,54.23,19.23,28.86,250.02
Winter,2014,9.06,24.79,0.04,54.23,19.26,28.9,250.01
Winter,2014,9.05,24.75,0,54.19,19.2,28.95,249.99
Winter,2014,9.04,24.79,0.03,54.2,19.2,28.96,250.04
Winter,2014,9.03,24.8,0,54.26,19.25,28.87,249.99
Winter,2014,9.04,24.8,0,54.2,19.21,28.91,250.0
Winter,2014,8.98,24.8,0.02,54.21,19.26,28.89,249.95
Winter,2014,9.0,24.74,0,54.19,19.26,28.95,249.96
Winter,2014,9.0,24.8,0.04,54.19,19.24,28.87,249.95
Summer,2014,23.85,41.53,7.03,29.59,40.73,19.92,256.8
Summer,2014,23.8,41.55,6.97,29.58,40.69,19.91,256.77
Summer,2014,23.81,41.55,7.04,29.59,40.73,19.92,256.79
Summer,2014,23.8,41.55,7.07,29.59,40.7,19.92,256.74
Summer,2014,23.8,41.54,7.0,29.56,40.7,19.84,256.77
Summer,2014,23.8,41.58,6.98,29.61,40.72,19.87,256.78
Summer,2014,23.81,41.58,7.04,29.63,40.73,19.93,256.75
Summer,2014,23.77,41.58,6.98,29.57,40.71,19.85,256.77
Summer,2014,23.81,41.59,6.99,29.57,40.71,19.88,256.77
Summer,2014,23.79,41.57,7.06,29.57,40.75,19.91,256.82
Summer,2014,23.76,41.59,7.03,29.57,40.68,19.93,256.77
Summer,2014,23.84,41.57,7.02,29.58,40.76,19.86,256.8
Summer,2014,23.84,41.56,6.99,29.54,40.73,19.92,256.81
Summer,2014,23.81,41.52,7.05,29.64,40.76,19.88,256.8
Summer,2014,23.8,41.57,7.04,29.56,40.74,19.94,256.75
Summer,2014,23.78,41.5,7.02,29.58,40.68,19.86,256.78
Summer,2014,23.81,41.5,7.07,29.54,40.71,19.85,256.74
Summer,2014,23.77,41.54,7.01,29.63,40.71,19.91,256.73
Summer,2014,23.81,41.52,6.98,29.61,40.74,19.88,256.77
Summer,2014,23.79,41.56,7.02,29.62,40.68,19.91,256.75
Summer,2014,23.77,41.55,7.07,29.57,40.72,19.87,256.79
Summer,2014,23.78,41.58,7.07,29.63,40.69,19.88,256.78
Summer,2014,23.75,41.55,6.98,29.61,40.69,19.85,256.82
Summer,2014,23.79,41.53,7.04,29.57,40.71,19.87,256.78
Summer,2014,23.76,41.55,6.99,29.57,40.72,19.92,256.82
Summer,2014,23.79,41.54,7.04,29.6,40.68,19.88,256.79
Summer,2014,23.8,41.53,7.03,29.6,40.73,19.86,256.78
Summer,2014,23.75,41.54,7.02,29.59,40.73,19.91,256.76
Summer,2014,23.79,41.56,7.03,29.57,40.71,19.86,256.76
Summer,2014,23.81,41.54,7.0,29.61,40.73,19.84,256.73
Rainy,2014,19.13,34.03,53.98,206.11,22.29,173.89,239.28
Rainy,2014,19.15,34.0,54.03,206.07,22.24,173.94,239.29
Rainy,2014,19.19,33.99,53.96,206.1,22.22,173.94,239.31
Rainy,2014,19.15,33.99,53.94,206.06,22.24,173.95,239.31
Rainy,2014,19.15,33.99,53.97,206.04,22.2,173.93,239.37
Rainy,2014,19.22,34.01,53.98,206.11,22.27,173.93,239.36
Rainy,2014,19.19,33.97,54.01,206.11,22.25,173.95,239.3
Rainy,2014,19.13,34.02,53.94,206.04,22.25,173.88,239.31
Rainy,2014,19.21,34.06,53.98,206.03,22.3,173.96,239.34
Rainy,2014,19.18,34.01,53.94,206.04,22.29,173.9,239.27
Rainy,2014,19.17,34.0,53.97,206.07,22.28,173.91,239.31
Rainy,2014,19.13,33.97,53.98,206.03,22.23,173.87,239.33
Rainy,2014,19.14,34.03,53.96,206.11,22.29,173.91,239.31
Rainy,2014,19.17,34.04,54.01,206.04,22.26,173.89,239.36
Rainy,2014,19.14,33.98,53.99,206.03,22.28,173.91,239.35
Rainy,2014,19.21,34.0,54.03,206.02,22.29,173.88,239.27
Rainy,2014,19.18,33.99,53.98,206.09,22.24,173.91,239.3
Rainy,2014,19.18,33.98,53.94,206.04,22.22,173.96,239.34
Rainy,2014,19.16,33.96,53.97,206.09,22.28,173.87,239.29
Rainy,2014,19.14,34.0,53.95,206.04,22.24,173.95,239.3
Rainy,2014,19.16,34.01,54.0,206.07,22.27,173.9,239.29
Rainy,2014,19.18,34.03,53.98,206.03,22.22,173.9,239.35
Rainy,2014,19.2,33.97,53.95,206.04,22.25,173.93,239.37
Rainy,2014,19.2,33.98,54.0,206.04,22.3,173.89,239.28
Rainy,2014,19.13,34.0,54.01,206.04,22.27,173.91,239.3
Rainy,2014,19.19,34.03,53.98,206.04,22.28,173.96,239.37
Rainy,2014,19.15,34.01,53.96,206.11,22.28,173.89,239.35
Rainy,2014,19.19,34.0,53.95,206.09,22.28,173.89,239.36
Rainy,2014,19.14,34.06,53.96,206.06,22.22,173.92,239.31
Rainy,2014,19.2,34.04,53.97,206.05,22.23,173.91,239.35
Autumn,2014,13.83,31.9,0.04,49.36,24.93,25.57,249.96
Autumn,2014,13.86,31.85,0,49.32,24.9,25.64,249.98
Autumn,2014,13.81,31.91,0.01,49.32,24.91,25.55,250.0
Autumn,2014,13.82,31.88,0,49.31,24.87,25.57,250.01
Autumn,2014,13.82,31.84,0.02,49.3,24.84,25.61,250.0
Autumn,2014,13.79,31.91,0.01,49.27,24.89,25.59,249.99
Autumn,2014,13.82,31.84,0.02,49.3,24.9,25.61,250.03
Autumn,2014,13.84,31.88,0.01,49.29,24.85,25.62,249.99
Autumn,2014,13.8,31.9,0.02,49.35,24.85,25.57,249.96
Autumn,2014,13.82,31.91,0,49.27,24.92,25.63,249.99
Autumn,2014,13.85,31.86,0.02,49.32,24.86,25.59,250.05
Autumn,2014,13.8,31.88,0.01,49.3,24.92,25.56,250.04
Autumn,2014,13.85,31.89,0.02,49.3,24.92,25.56,249.98
Autumn,2014,13.85,31.86,0,49.28,24.88,25.59,249.97
Autumn,2014,13.84,31.85,0.04,49.29,24.89,25.57,250.0
Autumn,2014,13.87,31.9,0.01,49.29,24.84,25.59,249.99
Autumn,2014,13.83,31.87,0,49.27,24.93,25.59,249.97
Autumn,2014,13.85,31.86,0.04,49.35,24.9,25.62,249.98
Autumn,2014,13.8,31.9,0,49.32,24.87,25.57,250.03
Autumn,2014,13.82,31.83,0,49.36,24.93,25.6,250.01
Autumn,2014,13.81,31.9,0,49.26,24.86,25.58,250.0
Autumn,2014,13.86,31.84,0.02,49.3,24.89,25.59,249.96
Autumn,2014,13.81,31.86,0.03,49.27,24.94,25.61,249.96
Autumn,2014,13.85,31.87,0,49.33,24.94,25.57,250.0
Autumn,2014,13.8,31.86,0.03,49.31,24.93,25.58,250.0
Autumn,2014,13.82,31.87,0,49.3,24.85,25.6,250.04
Autumn,2014,13.86,31.83,0.04,49.3,24.9,25.55,249.96
Autumn,2014,13.8,31.9,0.01,49.27,24.85,25.62,249.99
Autumn,2014,13.8,31.88,0.04,49.35,24.89,25.65,249.98
Autumn,2014,13.83,31.86,0.01,49.28,24.91,25.59,250.04
Winter,2015,11.27,24.69,6.67,41.21,24.15,12.65,249.97
Winter,2015,11.29,24.66,6.69,41.17,24.1,12.65,249.97
Winter,2015,11.32,24.67,6.66,41.22,24.11,12.64,249.98
Winter,2015,11.24,24.66,6.66,41.21,24.14,12.62,249.99
Winter,2015,11.23,24.61,6.7,41.17,24.07,12.68,250.04
Winter,2015,11.24,24.66,6.73,41.19,24.09,12.67,250.03
Winter,2015,11.24,24.65,6.66,41.17,24.07,12.66,249.99
Winter,2015,11.31,24.67,6.7,41.2,24.15,12.67,250.01
Winter,2015,11.29,24.66,6.75,41.16,24.05,12.69,249.98
Winter,2015,11.32,24.63,6.67,41.14,24.09,12.68,250.05
Winter,2015,11.26,24.69,6.75,41.15,24.11,12.65,249.96
Winter,2015,11.24,24.69,6.74,41.18,24.06,12.69,249.95
Winter,2015,11.29,24.62,6.73,41.15,24.05,12.65,250.04
Winter,2015,11.3,24.67,6.67,41.16,24.14,12.62,249.99
Winter,2015,11.24,24.61,6.74,41.18,24.14,12.65,249.95
Winter,2015,11.27,24.64,6.68,41.22,24.12,12.65,250.05
Winter,2015,11.32,24.66,6.73,41.23,24.09,12.63,249.95
Winter,2015,11.26,24.7,6.68,41.22,24.15,12.68,250.05
Winter,2015,11.27,24.69,6.66,41.16,24.08,12.62,249.97
Winter,2015,11.24,24.65,6.75,41.17,24.13,12.67,250.04
Winter,2015,11.25,24.65,6.71,41.2,24.11,12.66,249.97
Winter,2015,11.28,24.67,6.76,41.18,24.14,12.61,250.03
Winter,2015,11.28,24.63,6.73,41.21,24.15,12.65,249.99
Winter,2015,11.31,24.62,6.73,41.15,24.15,12.62,250.0
Winter,2015,11.25,24.63,6.7,41.2,24.06,12.7,249.98
Winter,2015,11.29,24.69,6.69,41.15,24.06,12.61,250.01
Winter,2015,11.3,24.63,6.68,41.21,24.15,12.63,250.0
Winter,2015,11.27,24.65,6.76,41.19,24.1,12.61,250.0
Winter,2015,11.29,24.67,6.7,41.21,24.11,12.6,249.97
Winter,2015,11.3,24.64,6.7,41.18,24.13,12.66,249.95
Summer,2015,23.41,38.63,1.47,26.84,26.3,19.92,250.05
Summer,2015,23.45,38.63,1.51,26.85,26.29,19.85,250.0
Summer,2015,23.42,38.62,1.47,26.78,26.29,19.88,250.01
Summer,2015,23.42,38.57,1.47,26.85,26.33,19.92,249.95
Summer,2015,23.39,38.63,1.53,26.85,26.37,19.89,249.97
Summer,2015,23.49,38.63,1.54,26.79,26.36,19.87,249.98
Summer,2015,23.43,38.66,1.52,26.86,26.3,19.91,250.04
Summer,2015,23.43,38.56,1.55,26.84,26.3,19.9,250.03
Summer,2015,23.46,38.61,1.51,26.79,26.36,19.9,249.95
Summer,2015,23.42,38.61,1.5,26.78,26.32,19.89,250.03
Summer,2015,23.47,38.64,1.51,26.85,26.36,19.92,249.95
Summer,2015,23.42,38.57,1.46,26.81,26.31,19.86,249.96
Summer,2015,23.42,38.65,1.53,26.85,26.33,19.93,249.96
Summer,2015,23.44,38.57,1.51,26.83,26.36,19.93,249.99
Summer,2015,23.46,38.56,1.47,26.77,26.37,19.89,250.0
Summer,2015,23.45,38.61,1.56,26.79,26.37,19.87,250.0
Summer,2015,23.39,38.58,1.52,26.77,26.37,19.9,250.02
Summer,2015,23.45,38.56,1.49,26.81,26.35,19.87,250.05
Summer,2015,23.4,38.66,1.52,26.8,26.39,19.85,250.02
Summer,2015,23.47,38.62,1.53,26.8,26.38,19.93,249.96
Summer,2015,23.41,38.63,1.46,26.83,26.34,19.93,249.95
Summer,2015,23.43,38.59,1.49,26.81,26.34,19.88,250.02
Summer,2015,23.48,38.6,1.49,26.8,26.36,19.87,249.97
Summer,2015,23.43,38.62,1.47,26.87,26.36,19.91,249.99
Summer,2015,23.43,38.65,1.52,26.79,26.38,19.9,249.99
Summer,2015,23.47,38.64,1.47,26.78,26.37,19.87,250.03
Summer,2015,23.41,38.63,1.54,26.79,26.31,19.86,250.04
Summer,2015,23.41,38.58,1.55,26.83,26.38,19.85,250.01
Summer,2015,23.43,38.56,1.55,26.81,26.36,19.85,249.97
Summer,2015,23.43,38.58,1.55,26.78,26.36,19.87,249.99
Rainy,2015,21.94,34.06,54.03,208.71,26.95,97.73,249.98
Rainy,2015,21.95,34.05,54.02,208.72,26.99,97.73,249.99
Rainy,2015,21.93,34.12,54.07,208.64,26.96,97.75,250.04
Rainy,2015,21.96,34.06,54.02,208.69,26.97,97.72,250.01
Rainy,2015,21.96,34.04,54.04,208.66,27.0,97.7,250.04
Rainy,2015,21.93,34.04,54.06,208.67,27.02,97.74,250.03
Rainy,2015,21.94,34.03,54.02,208.71,26.99,97.7,250.05
Rainy,2015,21.95,34.11,54.02,208.66,26.94,97.74,250.03
Rainy,2015,21.95,34.06,54.04,208.66,27.02,97.73,250.04
Rainy,2015,21.97,34.05,54.01,208.72,26.99,97.7,249.96
Rainy,2015,21.94,34.1,54.0,208.66,27.0,97.75,249.98
Rainy,2015,21.91,34.09,54.04,208.65,27.02,97.7,249.96
Rainy,2015,21.94,34.04,54.04,208.67,27.02,97.68,249.95
Rainy,2015,21.93,34.12,53.99,208.68,26.96,97.71,249.95
Rainy,2015,21.92,34.03,53.99,208.64,26.93,97.69,249.95
Rainy,2015,21.93,34.03,54.02,208.7,26.96,97.74,249.96
Rainy,2015,21.96,34.06,54.04,208.69,26.96,97.76,249.99
Rainy,2015,21.95,34.07,54.0,208.71,26.94,97.72,249.99
Rainy,2015,21.94,34.11,54.07,208.67,27.02,97.72,250.03
Rainy,2015,22.0,34.12,54.06,208.68,27.0,97.74,250.01
Rainy,2015,21.93,34.03,54.06,208.7,27.0,97.69,250.01
Rainy,2015,21.95,34.03,54.04,208.67,26.99,97.75,249.97
Rainy,2015,21.98,34.12,54.07,208.63,26.93,97.73,249.99
Rainy,2015,21.99,34.13,54.04,208.73,27.03,97.72,249.97
Rainy,2015,21.92,34.09,54.0,208.68,26.95,97.76,249.97
Rainy,2015,21.94,34.11,54.06,208.67,26.98,97.69,249.98
Rainy,2015,21.92,34.03,54.01,208.72,27.01,97.73,249.97
Rainy,2015,21.9,34.06,54.08,208.67,26.97,97.76,249.98
Rainy,2015,21.96,34.12,54.07,208.68,26.94,97.72,250.01
Rainy,2015,21.94,34.06,54.01,208.71,26.94,97.71,249.97
Autumn,2015,13.65,30.21,3.69,43.08,20.4,4.19,250.0
Autumn,2015,13.68,30.15,3.69,43.08,20.35,4.15,250.01
Autumn,2015,13.67,30.22,3.71,43.14,20.42,4.15,249.98
Autumn,2015,13.66,30.17,3.72,43.16,20.36,4.21,249.96
Autumn,2015,13.67,30.24,3.73,43.16,20.38,4.2,250.0
Autumn,2015,13.63,30.2,3.65,43.15,20.36,4.15,249.99
Autumn,2015,13.63,30.18,3.67,43.16,20.34,4.21,250.0
Autumn,2015,13.65,30.22,3.73,43.17,20.34,4.21,250.01
Autumn,2015,13.65,30.16,3.73,43.14,20.42,4.15,249.95
Autumn,2015,13.68,30.22,3.72,43.13,20.33,4.21,249.96
Autumn,2015,13.68,30.17,3.69,43.11,20.33,4.18,250.02
Autumn,2015,13.64,30.2,3.71,43.11,20.41,4.18,250.04
Autumn,2015,13.67,30.22,3.67,43.14,20.33,4.21,249.99
Autumn,2015,13.66,30.23,3.66,43.13,20.35,4.15,249.98
Autumn,2015,13.67,30.18,3.72,43.09,20.33,4.19,250.05
Autumn,2015,13.67,30.17,3.69,43.16,20.35,4.16,249.98
Autumn,2015,13.64,30.22,3.75,43.11,20.42,4.17,249.97
Autumn,2015,13.62,30.24,3.73,43.08,20.36,4.17,249.99
Autumn,2015,13.63,30.2,3.72,43.12,20.38,4.15,250.0
Autumn,2015,13.68,30.16,3.7,43.08,20.37,4.23,249.98
Autumn,2015,13.63,30.18,3.66,43.13,20.33,4.22,250.0
Autumn,2015,13.7,30.23,3.71,43.08,20.35,4.21,250.02
Autumn,2015,13.61,30.21,3.72,43.15,20.41,4.24,249.98
Autumn,2015,13.7,30.18,3.71,43.09,20.41,4.17,249.99
Autumn,2015,13.68,30.24,3.65,43.15,20.37,4.2,249.96
Autumn,2015,13.64,30.21,3.74,43.08,20.32,4.22,249.96
Autumn,2015,13.63,30.2,3.65,43.12,20.42,4.17,250.0
Autumn,2015,13.63,30.17,3.66,43.17,20.41,4.15,249.95
Autumn,2015,13.63,30.24,3.67,43.09,20.38,4.15,249.96
Autumn,2015,13.61,30.21,3.71,43.13,20.33,4.19,250.01
Winter,2016,9.67,24.84,0,46.91,18.36,36.34,289.96
Winter,2016,9.65,24.85,0,46.95,18.27,36.36,290.0
Winter,2016,9.67,24.83,0,46.93,18.3,36.33,289.98
Winter,2016,9.65,24.83,0.03,46.88,18.29,36.34,289.97
Winter,2016,9.72,24.88,0,46.94,18.32,36.35,290.05
Winter,2016,9.72,24.89,0.03,46.94,18.31,36.3,290.01
Winter,2016,9.64,24.82,0.02,46.94,18.34,36.32,290.01
Winter,2016,9.72,24.87,0,46.95,18.33,36.37,289.97
Winter,2016,9.67,24.86,0,46.9,18.36,36.31,290.0
Winter,2016,9.63,24.84,0,46.87,18.33,36.3,289.97
Winter,2016,9.68,24.9,0.04,46.89,18.31,36.3,289.95
Winter,2016,9.63,24.85,0,46.93,18.3,36.34,290.0
Winter,2016,9.68,24.88,0,46.94,18.27,36.29,290.03
Winter,2016,9.64,24.87,0.01,46.89,18.32,36.36,290.04
Winter,2016,9.64,24.85,0.03,46.94,18.28,36.37,290.02
Winter,2016,9.68,24.89,0.01,46.89,18.35,36.3,290.03
Winter,2016,9.68,24.9,0.04,46.89,18.36,36.32,290.04
Winter,2016,9.63,24.86,0,46.91,18.32,36.32,289.97
Winter,2016,9.64,24.83,0.04,46.87,18.36,36.36,289.98
Winter,2016,9.69,24.88,0,46.88,18.28,36.38,290.01
Winter,2016,9.66,24.85,0.02,46.94,18.28,36.34,290.02
Winter,2016,9.63,24.82,0,46.95,18.3,36.32,289.95
Winter,2016,9.66,24.87,0,46.9,18.29,36.36,289.96
Winter,2016,9.67,24.83,0.01,46.93,18.34,36.36,289.99
Winter,2016,9.67,24.84,0,46.95,18.31,36.33,289.98
Winter,2016,9.66,24.84,0,46.87,18.35,36.32,290.04
Winter,2016,9.71,24.88,0,46.86,18.34,36.37,290.01
Winter,2016,9.64,24.9,0.01,46.89,18.3,36.34,290.01
Winter,2016,9.69,24.86,0.04,46.89,18.3,36.39,289.98
Winter,2016,9.71,24.86,0.02,46.93,18.34,36.39,289.96
Summer,2016,24.75,39.67,0.03,32.49,29.98,7.36,290.04
Summer,2016,24.77,39.7,0,32.5,30.0,7.35,290.02
Summer,2016,24.78,39.64,0.02,32.49,29.99,7.37,289.98
Summer,2016,24.77,39.66,0,32.49,29.98,7.38,290.03
Summer,2016,24.78,39.7,0,32.52,30.04,7.4,290.05
Summer,2016,24.74,39.7,0.04,32.51,30.03,7.33,290.05
Summer,2016,24.73,39.63,0,32.52,30.02,7.41,290.02
Summer,2016,24.82,39.65,0,32.53,30.01,7.38,290.02
Summer,2016,24.74,39.72,0.01,32.52,29.96,7.4,289.99
Summer,2016,24.8,39.69,0,32.53,29.98,7.35,290.01
Summer,2016,24.76,39.68,0,32.57,30.0,7.39,289.99
Summer,2016,24.73,39.66,0,32.49,30.05,7.37,289.97
Summer,2016,24.81,39.7,0.01,32.52,29.98,7.36,290.04
Summer,2016,24.8,39.67,0.02,32.53,30.03,7.35,290.02
Summer,2016,24.78,39.72,0,32.49,29.99,7.4,289.96
Summer,2016,24.76,39.67,0,32.49,30.04,7.37,289.98
Summer,2016,24.78,39.7,0.02,32.5,29.99,7.41,290.01
Summer,2016,24.78,39.69,0,32.49,29.98,7.35,289.97
Summer,2016,24.78,39.67,0,32.52,29.97,7.42,290.02
Summer,2016,24.79,39.71,0.04,32.51,30.03,7.36,289.96
Summer,2016,24.73,39.71,0.02,32.48,29.99,7.36,290.03
Summer,2016,24.75,39.64,0.01,32.52,29.96,7.36,290.0
Summer,2016,24.76,39.64,0.02,32.5,30.01,7.33,289.98
Summer,2016,24.8,39.67,0,32.56,29.96,7.33,290.04
Summer,2016,24.78,39.72,0.03,32.49,29.96,7.41,290.0
Summer,2016,24.82,39.66,0.02,32.56,30.04,7.34,290.04
Summer,2016,24.74,39.66,0,32.55,30.03,7.32,290.04
Summer,2016,24.76,39.68,0,32.5,29.98,7.33,289.98
Summer,2016,24.81,39.66,0,32.5,30.03,7.37,290.04
Summer,2016,24.78,39.66,0,32.51,30.02,7.35,290.0
Rainy,2016,19.68,35.72,47.78,195.84,35.18,146.64,292.5
Rainy,2016,19.6,35.75,47.73,195.85,35.13,146.68,292.42
Rainy,2016,19.67,35.75,47.69,195.83,35.2,146.69,292.44
Rainy,2016,19.68,35.76,47.7,195.8,35.13,146.63,292.47
Rainy,2016,19.65,35.78,47.77,195.8,35.16,146.69,292.49
Rainy,2016,19.6,35.77,47.75,195.8,35.13,146.68,292.44
Rainy,2016,19.6,35.74,47.76,195.87,35.21,146.71,292.48
Rainy,2016,19.59,35.78,47.75,195.79,35.13,146.68,292.48
Rainy,2016,19.68,35.76,47.71,195.86,35.16,146.69,292.42
Rainy,2016,19.59,35.77,47.76,195.82,35.2,146.67,292.49
Rainy,2016,19.63,35.78,47.7,195.88,35.15,146.69,292.42
Rainy,2016,19.64,35.71,47.76,195.82,35.19,146.71,292.41
Rainy,2016,19.63,35.76,47.7,195.87,35.14,146.67,292.42
Rainy,2016,19.6,35.73,47.73,195.86,35.2,146.66,292.47
Rainy,2016,19.58,35.7,47.73,195.82,35.16,146.71,292.44
Rainy,2016,19.62,35.7,47.73,195.87,35.21,146.62,292.42
Rainy,2016,19.66,35.76,47.69,195.88,35.2,146.67,292.46
Rainy,2016,19.65,35.69,47.74,195.88,35.19,146.71,292.49
Rainy,2016,19.68,35.73,47.73,195.86,35.17,146.71,292.48
Rainy,2016,19.59,35.76,47.75,195.82,35.17,146.62,292.48
Rainy,2016,19.64,35.72,47.7,195.86,35.18,146.65,292.51
Rainy,2016,19.59,35.78,47.7,195.87,35.15,146.64,292.42
Rainy,2016,19.61,35.71,47.76,195.82,35.21,146.66,292.46
Rainy,2016,19.68,35.78,47.73,195.85,35.22,146.65,292.46
Rainy,2016,19.59,35.75,47.76,195.8,35.15,146.69,292.48
Rainy,2016,19.6,35.78,47.78,195.85,35.14,146.69,292.48
Rainy,2016,19.65,35.79,47.75,195.8,35.18,146.7,292.47
Rainy,2016,19.66,35.71,47.71,195.83,35.13,146.64,292.43
Rainy,2016,19.62,35.75,47.76,195.82,35.15,146.62,292.46
Rainy,2016,19.62,35.71,47.68,195.82,35.15,146.66,292.43
Autumn,2016,16.29,29.58,0.01,51.86,21.82,10.1,289.96
Autumn,2016,16.28,29.61,0,51.83,21.85,10.13,290.02
Autumn,2016,16.31,29.63,0,51.89,21.87,10.12,290.02
Autumn,2016,16.3,29.57,0,51.89,21.86,10.14,290.05
Autumn,2016,16.34,29.58,0,51.85,21.87,10.07,289.95
Autumn,2016,16.35,29.61,0.02,51.87,21.81,10.11,290.04
Autumn,2016,16.25,29.59,0.02,51.84,21.89,10.1,289.99
Autumn,2016,16.28,29.66,0,51.87,21.86,10.04,289.98
Autumn,2016,16.33,29.61,0,51.86,21.86,10.07,290.01
Autumn,2016,16.32,29.58,0,51.86,21.89,10.1,290.03
Autumn,2016,16.29,29.56,0,51.9,21.9,10.09,289.96
Autumn,2016,16.28,29.64,0,51.9,21.85,10.1,290.01
Autumn,2016,16.35,29.65,0,51.87,21.82,10.1,289.96
Autumn,2016,16.31,29.64,0,51.83,21.84,10.13,290.03
Autumn,2016,16.34,29.6,0,51.9,21.86,10.07,290.0
Autumn,2016,16.31,29.56,0,51.81,21.88,10.08,290.03
Autumn,2016,16.27,29.63,0,51.84,21.85,10.05,290.0
Autumn,2016,16.27,29.65,0.04,51.83,21.87,10.05,289.97
Autumn,2016,16.29,29.59,0,51.81,21.86,10.11,290.0
Autumn,2016,16.26,29.63,0,51.9,21.88,10.08,289.98
Autumn,2016,16.31,29.65,0,51.84,21.88,10.13,290.03
Autumn,2016,16.28,29.58,0.01,51.81,21.84,10.05,290.04
Autumn,2016,16.35,29.66,0.03,51.87,21.85,10.05,289.96
Autumn,2016,16.33,29.63,0.01,51.83,21.9,10.09,290.03
Autumn,2016,16.27,29.64,0.03,51.85,21.82,10.12,290.03
Autumn,2016,16.27,29.58,0.02,51.81,21.81,10.07,290.04
Autumn,2016,16.29,29.6,0.01,51.83,21.83,10.13,290.02
Autumn,2016,16.27,29.61,0.01,51.86,21.87,10.06,289.96
Autumn,2016,16.3,29.63,0,51.84,21.84,10.12,290.01
Autumn,2016,16.3,29.66,0.02,51.83,21.89,10.13,289.99
Winter,2017,9.03,23.49,0,49.3,20.18,21.1,289.95
Winter,2017,8.97,23.41,0.04,49.3,20.21,21.13,290.0
Winter,2017,9.01,23.48,0,49.29,20.27,21.04,290.02
Winter,2017,9.01,23.45,0,49.31,20.2,21.06,289.98
Winter,2017,9.06,23.48,0,49.24,20.24,21.13,290.04
Winter,2017,9.03,23.42,0,49.25,20.21,21.13,290.04
Winter,2017,9.05,23.41,0,49.25,20.21,21.07,289.96
Winter,2017,8.98,23.44,0.03,49.24,20.21,21.09,290.03
Winter,2017,8.99,23.48,0.01,49.27,20.26,21.11,290.02
Winter,2017,9.01,23.44,0.03,49.23,20.24,21.09,290.05
Winter,2017,9.07,23.46,0,49.31,20.26,21.07,289.95
Winter,2017,8.99,23.45,0.04,49.29,20.17,21.05,290.03
Winter,2017,9.01,23.45,0,49.26,20.26,21.03,290.03
Winter,2017,9.01,23.48,0,49.29,20.23,21.09,290.04
Winter,2017,9.05,23.45,0.03,49.25,20.18,21.05,290.03
Winter,2017,9.04,23.51,0,49.24,20.18,21.07,290.03
Winter,2017,9.0,23.42,0.04,49.23,20.19,21.1,290.0
Winter,2017,9.01,23.5,0.03,49.3,20.21,21.11,290.03
Winter,2017,9.05,23.45,0.04,49.29,20.2,21.12,289.98
Winter,2017,9.05,23.44,0,49.23,20.2,21.06,289.99
Winter,2017,9.05,23.42,0.01,49.27,20.22,21.08,290.0
Winter,2017,8.98,23.48,0.01,49.26,20.23,21.06,289.96
Winter,2017,9.0,23.45,0,49.23,20.2,21.12,289.95
Winter,2017,9.07,23.42,0,49.3,20.24,21.1,290.03
Winter,2017,9.04,23.42,0.04,49.25,20.19,21.07,289.96
Winter,2017,9.06,23.42,0.03,49.22,20.24,21.1,289.98
Winter,2017,9.04,23.45,0.01,49.24,20.21,21.08,290.01
Winter,2017,9.03,23.5,0,49.27,20.21,21.08,290.0
Winter,2017,8.99,23.48,0.03,49.31,20.27,21.09,289.98
Winter,2017,9.0,23.47,0.03,49.28,20.22,21.06,290.03
Summer,2017,24.67,38.1,0.04,37.53,36.21,35.53,289.97
Summer,2017,24.67,38.08,0,37.5,36.22,35.48,290.04
Summer,2017,24.63,38.06,0.03,37.52,36.18,35.48,290.02
Summer,2017,24.65,38.06,0,37.53,36.16,35.46,290.03
Summer,2017,24.62,38.08,0,37.54,36.18,35.51,290.03
Summer,2017,24.66,38.14,0,37.58,36.15,35.52,290.04
Summer,2017,24.64,38.05,0,37.57,36.19,35.51,289.98
Summer,2017,24.69,38.09,0,37.56,36.22,35.5,290.04
Summer,2017,24.64,38.1,0.04,37.53,36.18,35.49,290.04
Summer,2017,24.68,38.1,0,37.54,36.25,35.45,289.97
Summer,2017,24.66,38.13,0,37.56,36.15,35.55,290.0
Summer,2017,24.66,38.12,0,37.51,36.23,35.55,290.01
Summer,2017,24.68,38.06,0,37.56,36.21,35.51,289.95
Summer,2017,24.65,38.14,0.01,37.56,36.23,35.47,290.0
Summer,2017,24.68,38.1,0.03,37.56,36.25,35.51,289.96
Summer,2017,24.68,38.07,0.05,37.5,36.17,35.53,290.03
Summer,2017,24.69,38.14,0.02,37.52,36.17,35.45,289.95
Summer,2017,24.62,38.08,0,37.56,36.16,35.51,289.99
Summer,2017,24.69,38.08,0,37.58,36.18,35.5,290.03
Summer,2017,24.7,38.12,0,37.57,36.22,35.55,289.96
Summer,2017,24.65,38.09,0,37.51,36.19,35.55,290.02
Summer,2017,24.68,38.14,0,37.52,36.19,35.53,289.95
Summer,2017,24.65,38.08,0,37.49,36.17,35.49,289.97
Summer,2017,24.62,38.11,0,37.55,36.19,35.5,289.97
Summer,2017,24.67,38.09,0,37.53,36.18,35.45,290.02
Summer,2017,24.67,38.14,0.02,37.53,36.18,35.55,290.02
Summer,2017,24.66,38.15,0.03,37.56,36.22,35.5,289.99
Summer,2017,24.63,38.12,0.05,37.54,36.22,35.49,290.04
Summer,2017,24.7,38.09,0,37.52,36.24,35.47,290.04
Summer,2017,24.67,38.07,0,37.51,36.16,35.5,290.04
Rainy,2017,21.83,36.61,56.63,200.42,35.91,156.63,290.0
Rainy,2017,21.75,36.56,56.64,200.44,35.88,156.61,290.04
Rainy,2017,21.83,36.52,56.63,200.47,35.86,156.6,290.01
Rainy,2017,21.77,36.58,56.6,200.44,35.9,156.62,289.95
Rainy,2017,21.84,36.6,56.62,200.44,35.94,156.6,290.05
Rainy,2017,21.74,36.61,56.7,200.41,35.92,156.57,289.95
Rainy,2017,21.75,36.6,56.62,200.48,35.91,156.59,290.04
Rainy,2017,21.77,36.54,56.62,200.4,35.91,156.64,290.04
Rainy,2017,21.81,36.54,56.69,200.49,35.87,156.59,290.03
Rainy,2017,21.75,36.61,56.66,200.47,35.89,156.56,290.03
Rainy,2017,21.83,36.56,56.63,200.46,35.87,156.6,290.03
Rainy,2017,21.82,36.56,56.67,200.46,35.92,156.55,290.01
Rainy,2017,21.79,36.58,56.61,200.49,35.93,156.54,289.99
Rainy,2017,21.78,36.6,56.61,200.45,35.93,156.63,289.99
Rainy,2017,21.75,36.6,56.7,200.43,35.89,156.54,289.96
Rainy,2017,21.81,36.6,56.61,200.45,35.96,156.6,289.99
Rainy,2017,21.79,36.6,56.61,200.41,35.92,156.6,289.96
Rainy,2017,21.83,36.61,56.61,200.49,35.89,156.61,289.99
Rainy,2017,21.83,36.52,56.66,200.42,35.91,156.64,289.98
Rainy,2017,21.83,36.51,56.67,200.46,35.93,156.6,290.03
Rainy,2017,21.81,36.56,56.65,200.47,35.89,156.6,289.97
Rainy,2017,21.79,36.59,56.67,200.46,35.89,156.63,290.0
Rainy,2017,21.78,36.56,56.67,200.41,35.88,156.64,290.03
Rainy,2017,21.81,36.55,56.64,200.49,35.94,156.54,290.01
Rainy,2017,21.75,36.61,56.61,200.48,35.93,156.62,290.02
Rainy,2017,21.8,36.6,56.65,200.45,35.88,156.64,289.99
Rainy,2017,21.78,36.52,56.69,200.45,35.88,156.55,290.04
Rainy,2017,21.74,36.59,56.69,200.5,35.88,156.56,290.01
Rainy,2017,21.84,36.54,56.63,200.41,35.92,156.59,289.96
Rainy,2017,21.78,36.54,56.63,200.44,35.88,156.55,289.99
Autumn,2017,15.49,31.97,8.69,50.41,21.75,31.81,290.03
Autumn,2017,15.49,32.0,8.63,50.35,21.72,31.8,290.0
Autumn,2017,15.46,31.98,8.7,50.37,21.77,31.8,289.99
Autumn,2017,15.42,32.05,8.64,50.42,21.76,31.77,290.05
Autumn,2017,15.44,31.98,8.67,50.4,21.76,31.86,289.99
Autumn,2017,15.42,32.0,8.68,50.37,21.76,31.78,290.0
Autumn,2017,15.44,31.96,8.7,50.39,21.71,31.79,289.98
Autumn,2017,15.49,32.02,8.64,50.34,21.74,31.81,289.97
Autumn,2017,15.42,31.97,8.63,50.38,21.72,31.86,289.97
Autumn,2017,15.47,31.98,8.69,50.34,21.74,31.84,290.05
Autumn,2017,15.47,32.02,8.68,50.35,21.75,31.77,289.99
Autumn,2017,15.42,32.04,8.64,50.43,21.7,31.83,289.95
Autumn,2017,15.43,32.01,8.65,50.35,21.69,31.82,289.97
Autumn,2017,15.46,31.95,8.7,50.33,21.69,31.79,289.96
Autumn,2017,15.44,31.97,8.68,50.34,21.75,31.79,290.02
Autumn,2017,15.46,31.99,8.69,50.34,21.72,31.77,290.02
Autumn,2017,15.43,32.04,8.69,50.34,21.69,31.84,289.96
Autumn,2017,15.46,31.95,8.69,50.42,21.72,31.81,290.03
Autumn,2017,15.44,31.96,8.71,50.37,21.75,31.79,290.01
Autumn,2017,15.43,32.03,8.7,50.4,21.71,31.85,290.02
Autumn,2017,15.43,31.99,8.68,50.34,21.76,31.83,289.98
Autumn,2017,15.49,31.97,8.68,50.37,21.78,31.82,290.0
Autumn,2017,15.5,32.02,8.64,50.35,21.75,31.84,289.98
Autumn,2017,15.5,31.96,8.67,50.41,21.73,31.79,289.96
Autumn,2017,15.5,32.01,8.71,50.4,21.76,31.83,290.03
Autumn,2017,15.42,31.98,8.63,50.39,21.75,31.82,289.99
Autumn,2017,15.41,32.04,8.72,50.39,21.72,31.79,290.02
Autumn,2017,15.5,31.99,8.62,50.41,21.74,31.78,289.99
Autumn,2017,15.5,32.01,8.69,50.38,21.69,31.76,289.99
Autumn,2017,15.41,32.04,8.62,50.36,21.72,31.82,290.0
Winter,2018,8.85,24.38,0.01,59.53,9.04,36.49,310.05
Winter,2018,8.86,24.36,0,59.51,9.05,36.58,310.01
Winter,2018,8.92,24.29,0,59.52,9.02,36.58,310.04
Winter,2018,8.87,24.3,0,59.53,9.03,36.48,309.97
Winter,2018,8.87,24.36,0.03,59.58,8.97,36.51,309.96
Winter,2018,8.87,24.28,0.03,59.53,8.98,36.55,309.99
Winter,2018,8.92,24.33,0.04,59.53,8.97,36.52,310.0
Winter,2018,8.85,24.32,0,59.58,8.99,36.51,309.98
Winter,2018,8.86,24.29,0,59.57,8.97,36.5,310.03
Winter,2018,8.92,24.33,0.02,59.57,9.0,36.54,309.98
Winter,2018,8.87,24.29,0.03,59.59,8.96,36.58,310.04
Winter,2018,8.88,24.33,0,59.51,9.02,36.51,310.03
Winter,2018,8.92,24.3,0,59.56,8.97,36.49,309.96
Winter,2018,8.89,24.36,0.04,59.56,9.03,36.54,310.02
Winter,2018,8.84,24.37,0.02,59.51,8.98,36.48,310.02
Winter,2018,8.91,24.3,0.02,59.54,9.01,36.49,310.01
Winter,2018,8.91,24.28,0,59.55,8.96,36.53,309.99
Winter,2018,8.92,24.35,0,59.5,8.97,36.48,310.03
Winter,2018,8.83,24.29,0.04,59.58,9.0,36.48,310.02
Winter,2018,8.88,24.3,0.03,59.58,9.04,36.55,309.97
Winter,2018,8.84,24.32,0,59.56,9.0,36.52,310.01
Winter,2018,8.86,24.38,0,59.59,9.01,36.5,309.98
Winter,2018,8.92,24.36,0.01,59.51,9.03,36.57,309.98
Winter,2018,8.88,24.31,0,59.5,9.02,36.55,309.99
Winter,2018,8.85,24.36,0.01,59.58,9.01,36.55,310.03
Winter,2018,8.88,24.36,0.01,59.5,9.02,36.58,310.01
Winter,2018,8.92,24.32,0,59.58,8.98,36.49,309.98
Winter,2018,8.89,24.29,0.02,59.51,9.02,36.52,310.0
Winter,2018,8.88,24.32,0,59.53,8.98,36.48,309.97
Winter,2018,8.87,24.38,0.03,59.51,8.97,36.51,310.01
Summer,2018,26.0,40.08,0,29.93,38.99,10.44,319.04
Summer,2018,26.03,40.12,0.03,29.91,39.03,10.4,319.06
Summer,2018,25.96,40.1,0,29.88,39.05,10.38,319.07
Summer,2018,25.98,40.1,0,29.86,39.05,10.43,319.09
Summer,2018,25.97,40.07,0.05,29.9,39.06,10.4,319.08
Summer,2018,25.95,40.08,0,29.9,39.01,10.41,319.02
Summer,2018,25.99,40.12,0,29.84,39.0,10.38,319.07
Summer,2018,25.99,40.05,0,29.91,39.07,10.41,319.01
Summer,2018,25.99,40.1,0.02,29.9,39.0,10.42,319.08
Summer,2018,25.98,40.07,0.02,29.91,39.02,10.4,319.05
Summer,2018,26.03,40.03,0.01,29.85,39.03,10.4,319.03
Summer,2018,25.98,40.12,0.04,29.88,39.05,10.38,319.07
Summer,2018,25.97,40.12,0,29.92,39.05,10.45,319.07
Summer,2018,26.0,40.05,0,29.87,39.0,10.39,319.06
Summer,2018,26.03,40.05,0,29.85,39.03,10.44,319.02
Summer,2018,26.02,40.13,0.02,29.85,39.03,10.43,319.07
Summer,2018,25.96,40.12,0.04,29.85,38.98,10.38,319.03
Summer,2018,26.0,40.04,0.01,29.9,38.99,10.45,319.01
Summer,2018,25.95,40.09,0.04,29.84,39.03,10.41,319.05
Summer,2018,26.04,40.11,0,29.86,39.05,10.4,319.0
Summer,2018,25.96,40.12,0,29.87,39.06,10.38,319.0
Summer,2018,26.02,40.07,0.01,29.85,38.99,10.37,319.03
Summer,2018,26.04,40.03,0,29.86,39.08,10.4,318.99
Summer,2018,25.97,40.04,0.02,29.92,39.0,10.43,319.06
Summer,2018,25.97,40.09,0.02,29.9,39.04,10.39,319.03
Summer,2018,25.96,40.08,0,29.85,39.04,10.4,319.05
Summer,2018,25.98,40.08,0,29.84,39.01,10.38,319.03
Summer,2018,25.96,40.04,0.04,29.86,39.01,10.44,319.03
Summer,2018,26.02,40.11,0,29.86,38.99,10.4,319.01
Summer,2018,25.98,40.08,0,29.88,39.05,10.43,319.0
Rainy,2018,20.38,34.51,41.52,191.45,22.03,131.85,293.78
Rainy,2018,20.38,34.5,41.51,191.46,22.04,131.85,293.74
Rainy,2018,20.36,34.54,41.55,191.51,21.96,131.79,293.81
Rainy,2018,20.36,34.54,41.59,191.47,22.0,131.82,293.74
Rainy,2018,20.43,34.45,41.58,191.5,21.97,131.84,293.78
Rainy,2018,20.38,34.54,41.56,191.49,22.02,131.76,293.81
Rainy,2018,20.42,34.48,41.58,191.48,21.99,131.82,293.72
Rainy,2018,20.44,34.51,41.56,191.45,22.0,131.77,293.79
Rainy,2018,20.42,34.52,41.55,191.45,22.02,131.85,293.79
Rainy,2018,20.42,34.46,41.53,191.44,22.04,131.76,293.81
Rainy,2018,20.37,34.48,41.53,191.45,22.0,131.8,293.73
Rainy,2018,20.35,34.55,41.59,191.48,21.96,131.83,293.75
Rainy,2018,20.39,34.54,41.53,191.49,21.96,131.84,293.74
Rainy,2018,20.34,34.54,41.51,191.43,21.97,131.79,293.82
Rainy,2018,20.37,34.49,41.56,191.49,21.95,131.77,293.81
Rainy,2018,20.42,34.49,41.51,191.45,22.02,131.85,293.76
Rainy,2018,20.35,34.53,41.56,191.51,21.96,131.81,293.78
Rainy,2018,20.35,34.51,41.59,191.47,21.99,131.82,293.81
Rainy,2018,20.42,34.54,41.6,191.43,21.98,131.81,293.76
Rainy,2018,20.35,34.51,41.52,191.48,21.99,131.79,293.77
Rainy,2018,20.38,34.46,41.56,191.51,22.03,131.84,293.77
Rainy,2018,20.38,34.55,41.5,191.44,22.05,131.85,293.73
Rainy,2018,20.41,34.54,41.58,191.44,21.97,131.83,293.75
Rainy,2018,20.36,34.51,41.59,191.43,21.96,131.85,293.8
Rainy,2018,20.41,34.54,41.58,191.5,22.01,131.79,293.75
Rainy,2018,20.37,34.51,41.55,191.44,21.96,131.86,293.76
Rainy,2018,20.41,34.53,41.56,191.49,21.98,131.83,293.77
Rainy,2018,20.35,34.54,41.58,191.48,21.98,131.84,293.76
Rainy,2018,20.41,34.49,41.51,191.45,22.01,131.86,293.73
Rainy,2018,20.38,34.45,41.59,191.51,21.95,131.86,293.82
Autumn,2018,16.93,31.11,0,41.61,25.3,38.09,310.05
Autumn,2018,16.99,31.11,0,41.55,25.37,38.06,310.03
Autumn,2018,16.94,31.06,0,41.55,25.34,38.06,310.04
Autumn,2018,16.93,31.08,0.02,41.61,25.32,38.08,310.0
Autumn,2018,16.93,31.03,0,41.59,25.37,38.06,309.97
Autumn,2018,16.98,31.07,0,41.59,25.38,38.04,309.97
Autumn,2018,16.96,31.04,0,41.55,25.29,38.05,309.96
Autumn,2018,17.0,31.11,0,41.55,25.33,38.02,309.96
Autumn,2018,16.98,31.06,0,41.56,25.31,38.04,309.98
Autumn,2018,16.96,31.03,0.02,41.62,25.36,38.04,310.03
Autumn,2018,16.98,31.1,0.02,41.55,25.3,38.05,310.04
Autumn,2018,16.95,31.1,0,41.58,25.33,38.04,309.96
Autumn,2018,16.9,31.01,0.02,41.57,25.31,38.01,309.99
Autumn,2018,16.97,31.09,0.05,41.61,25.36,38.05,309.98
Autumn,2018,16.93,31.02,0.02,41.61,25.29,38.1,310.03
Autumn,2018,16.98,31.03,0,41.59,25.33,38.07,309.99
Autumn,2018,16.95,31.06,0.01,41.62,25.36,38.01,310.01
Autumn,2018,16.98,31.07,0.05,41.58,25.35,38.03,310.03
Autumn,2018,16.98,31.05,0,41.56,25.38,38.02,310.0
Autumn,2018,16.92,31.1,0.01,41.59,25.3,38.01,310.02
Autumn,2018,16.95,31.04,0.01,41.57,25.3,38.07,310.03
Autumn,2018,16.91,31.02,0,41.61,25.38,38.02,310.04
Autumn,2018,16.96,31.02,0.03,41.58,25.38,38.07,309.97
Autumn,2018,16.93,31.03,0,41.6,25.33,38.07,310.0
Autumn,2018,16.92,31.1,0,41.54,25.32,38.02,309.98
Autumn,2018,16.95,31.04,0,41.58,25.34,38.0,310.04
Autumn,2018,16.91,31.06,0,41.6,25.32,38.08,310.0
Autumn,2018,16.96,31.04,0,41.59,25.37,38.03,309.95
Autumn,2018,16.98,31.04,0,41.56,25.32,38.01,310.04
Autumn,2018,16.96,31.04,0,41.61,25.35,38.06,309.98
Winter,2019,9.08,26.6,0,41.5,14.57,38.7,310.03
Winter,2019,9.14,26.62,0,41.54,14.6,38.69,309.99
Winter,2019,9.08,26.64,0.02,41.53,14.55,38.66,310.0
Winter,2019,9.08,26.58,0.02,41.6,14.59,38.67,310.04
Winter,2019,9.16,26.66,0,41.59,14.56,38.68,310.01
Winter,2019,9.14,26.61,0.05,41.52,14.53,38.73,310.03
Winter,2019,9.12,26.61,0.01,41.51,14.52,38.66,310.0
Winter,2019,9.13,26.62,0.02,41.56,14.54,38.7,310.03
Winter,2019,9.16,26.57,0,41.52,14.58,38.65,310.04
Winter,2019,9.12,26.63,0.05,41.5,14.6,38.74,309.97
Winter,2019,9.12,26.61,0,41.51,14.52,38.69,310.03
Winter,2019,9.15,26.6,0,41.59,14.58,38.68,310.03
Winter,2019,9.07,26.62,0,41.5,14.59,38.67,310.01
Winter,2019,9.11,26.65,0,41.59,14.51,38.67,310.04
Winter,2019,9.14,26.62,0,41.55,14.53,38.73,309.99
Winter,2019,9.15,26.59,0.04,41.55,14.54,38.72,309.98
Winter,2019,9.15,26.65,0,41.5,14.57,38.71,309.98
Winter,2019,9.14,26.66,0.04,41.54,14.6,38.72,310.04
Winter,2019,9.1,26.63,0,41.59,14.53,38.72,310.05
Winter,2019,9.1,26.58,0,41.58,14.55,38.67,309.97
Winter,2019,9.08,26.6,0,41.5,14.56,38.72,309.96
Winter,2019,9.13,26.57,0,41.55,14.52,38.73,310.02
Winter,2019,9.12,26.63,0,41.59,14.52,38.68,310.03
Winter,2019,9.08,26.62,0.01,41.55,14.51,38.67,309.96
Winter,2019,9.16,26.6,0,41.57,14.52,38.75,309.98
Winter,2019,9.16,26.6,0.04,41.54,14.52,38.67,309.99
Winter,2019,9.1,26.58,0.01,41.6,14.53,38.67,310.02
Winter,2019,9.15,26.66,0.01,41.55,14.57,38.71,310.02
Winter,2019,9.14,26.62,0.01,41.56,14.58,38.69,309.99
Winter,2019,9.16,26.58,0,41.58,14.54,38.75,310.02
Summer,2019,24.72,40.57,0,23.36,26.25,15.43,310.0
Summer,2019,24.72,40.63,0.02,23.33,26.26,15.33,310.02
Summer,2019,24.74,40.63,0,23.33,26.31,15.38,309.98
Summer,2019,24.78,40.61,0.01,23.35,26.24,15.38,309.95
Summer,2019,24.78,40.62,0,23.37,26.32,15.38,310.02
Summer,2019,24.8,40.56,0.02,23.28,26.3,15.35,309.99
Summer,2019,24.71,40.6,0,23.28,26.31,15.33,310.02
Summer,2019,24.74,40.58,0,23.33,26.25,15.38,309.97
Summer,2019,24.73,40.63,0.01,23.34,26.25,15.39,309.98
Summer,2019,24.78,40.65,0.04,23.34,26.26,15.36,309.95
Summer,2019,24.79,40.58,0.01,23.28,26.27,15.34,310.01
Summer,2019,24.74,40.57,0.02,23.27,26.29,15.39,309.99
Summer,2019,24.71,40.66,0,23.36,26.23,15.39,309.96
Summer,2019,24.74,40.63,0.05,23.28,26.29,15.33,309.99
Summer,2019,24.71,40.59,0,23.33,26.23,15.35,309.98
Summer,2019,24.72,40.62,0,23.3,26.3,15.37,309.99
Summer,2019,24.7,40.59,0,23.33,26.3,15.42,310.01
Summer,2019,24.77,40.59,0.02,23.33,26.31,15.4,310.03
Summer,2019,24.77,40.61,0,23.31,26.31,15.34,309.96
Summer,2019,24.8,40.58,0,23.27,26.31,15.43,310.0
Summer,2019,24.78,40.59,0,23.3,26.22,15.4,310.04
Summer,2019,24.78,40.58,0.02,23.3,26.24,15.39,309.99
Summer,2019,24.78,40.58,0,23.33,26.3,15.38,309.96
Summer,2019,24.72,40.59,0.03,23.29,26.24,15.35,310.0
Summer,2019,24.71,40.64,0,23.29,26.29,15.43,310.04
Summer,2019,24.72,40.64,0,23.37,26.23,15.33,309.98
Summer,2019,24.77,40.56,0,23.36,26.26,15.33,309.97
Summer,2019,24.76,40.56,0.01,23.3,26.27,15.35,310.0
Summer,2019,24.72,40.57,0,23.3,26.29,15.34,309.98
Summer,2019,24.72,40.63,0.01,23.35,26.25,15.42,310.01
Rainy,2019,19.66,33.66,48.27,200.76,31.71,130.48,310.0
Rainy,2019,19.73,33.64,48.32,200.76,31.65,130.48,310.0
Rainy,2019,19.74,33.69,48.33,200.77,31.65,130.51,309.99
Rainy,2019,19.73,33.67,48.26,200.83,31.69,130.47,309.96
Rainy,2019,19.71,33.71,48.33,200.81,31.7,130.51,310.0
Rainy,2019,19.73,33.66,48.3,200.75,31.66,130.44,309.99
Rainy,2019,19.65,33.66,48.33,200.79,31.67,130.43,309.97
Rainy,2019,19.7,33.65,48.31,200.8,31.7,130.43,310.0
Rainy,2019,19.68,33.71,48.28,200.79,31.72,130.5,310.04
Rainy,2019,19.66,33.63,48.33,200.75,31.67,130.49,310.0
Rainy,2019,19.66,33.63,48.31,200.8,31.66,130.46,310.05
Rainy,2019,19.67,33.64,48.29,200.77,31.74,130.5,310.05
Rainy,2019,19.72,33.65,48.33,200.75,31.7,130.42,309.98
Rainy,2019,19.74,33.71,48.29,200.8,31.74,130.45,310.01
Rainy,2019,19.72,33.66,48.29,200.8,31.68,130.47,310.01
Rainy,2019,19.7,33.66,48.26,200.79,31.68,130.46,309.96
Rainy,2019,19.68,33.68,48.25,200.78,31.69,130.44,310.02
Rainy,2019,19.69,33.7,48.26,200.79,31.68,130.45,310.03
Rainy,2019,19.66,33.69,48.33,200.84,31.73,130.42,310.0
Rainy,2019,19.7,33.7,48.31,200.84,31.69,130.46,310.03
Rainy,2019,19.66,33.64,48.32,200.78,31.73,130.45,309.97
Rainy,2019,19.72,33.7,48.31,200.77,31.7,130.49,310.02
Rainy,2019,19.73,33.7,48.27,200.8,31.68,130.51,310.0
Rainy,2019,19.69,33.64,48.32,200.79,31.68,130.43,309.95
Rainy,2019,19.74,33.64,48.29,200.82,31.73,130.43,309.96
Rainy,2019,19.67,33.64,48.28,200.83,31.67,130.49,310.03
Rainy,2019,19.74,33.68,48.27,200.76,31.67,130.42,310.03
Rainy,2019,19.68,33.67,48.34,200.81,31.69,130.47,310.03
Rainy,2019,19.69,33.7,48.25,200.77,31.7,130.41,309.97
Rainy,2019,19.69,33.63,48.24,200.76,31.72,130.44,309.97
Autumn,2019,13.34,29.36,5.35,54.58,18.32,48.4,310.04
Autumn,2019,13.34,29.37,5.34,54.6,18.32,48.38,310.03
Autumn,2019,13.34,29.33,5.38,54.63,18.34,48.36,310.01
Autumn,2019,13.33,29.31,5.29,54.59,18.35,48.4,310.03
Autumn,2019,13.26,29.34,5.36,54.63,18.38,48.35,309.96
Autumn,2019,13.26,29.33,5.34,54.57,18.31,48.41,309.96
Autumn,2019,13.26,29.29,5.35,54.61,18.33,48.4,309.96
Autumn,2019,13.35,29.3,5.38,54.56,18.31,48.39,310.0
Autumn,2019,13.29,29.36,5.28,54.65,18.28,48.38,310.04
Autumn,2019,13.26,29.36,5.31,54.63,18.35,48.39,309.97
Autumn,2019,13.31,29.3,5.37,54.62,18.29,48.4,309.96
Autumn,2019,13.29,29.33,5.34,54.61,18.34,48.34,309.96
Autumn,2019,13.3,29.36,5.3,54.65,18.32,48.41,309.97
Autumn,2019,13.26,29.33,5.37,54.64,18.33,48.39,310.04
Autumn,2019,13.31,29.34,5.33,54.6,18.33,48.4,309.96
Autumn,2019,13.32,29.35,5.34,54.58,18.38,48.37,310.02
Autumn,2019,13.28,29.33,5.3,54.65,18.34,48.43,310.02
Autumn,2019,13.32,29.37,5.32,54.58,18.29,48.34,309.96
Autumn,2019,13.3,29.32,5.29,54.59,18.36,48.42,310.01
Autumn,2019,13.3,29.29,5.37,54.58,18.36,48.35,309.97
Autumn,2019,13.33,29.3,5.31,54.65,18.36,48.36,310.02
Autumn,2019,13.26,29.35,5.35,54.6,18.35,48.42,310.02
Autumn,2019,13.33,29.38,5.32,54.58,18.37,48.35,309.99
Autumn,2019,13.28,29.3,5.35,54.6,18.29,48.34,309.96
Autumn,2019,13.34,29.32,5.3,54.6,18.31,48.4,310.04
Autumn,2019,13.3,29.35,5.3,54.6,18.32,48.36,309.99
Autumn,2019,13.33,29.29,5.36,54.66,18.37,48.4,310.0
Autumn,2019,13.33,29.31,5.32,54.64,18.31,48.41,310.0
Autumn,2019,13.28,29.3,5.3,54.64,18.37,48.41,310.04
Autumn,2019,13.33,29.34,5.34,54.62,18.34,48.36,309.95
Winter,2020,10.13,25.08,6.13,53.62,16.77,52.97,325.03
Winter,2020,10.16,25.09,6.09,53.61,16.77,52.99,325.03
Winter,2020,10.19,25.09,6.07,53.63,16.76,52.98,325.04
Winter,2020,10.14,25.08,6.09,53.64,16.76,52.95,324.97
Winter,2020,10.16,25.04,6.06,53.64,16.75,52.94,324.98
Winter,2020,10.1,25.05,6.09,53.58,16.75,52.97,324.98
Winter,2020,10.15,25.07,6.06,53.62,16.71,52.97,324.96
Winter,2020,10.13,25.02,6.06,53.65,16.8,52.94,324.98
Winter,2020,10.1,25.03,6.11,53.58,16.73,52.93,324.95
Winter,2020,10.16,25.07,6.13,53.57,16.78,52.99,324.96
Winter,2020,10.11,25.07,6.08,53.61,16.7,52.96,324.95
Winter,2020,10.13,25.08,6.09,53.57,16.74,53.02,325.05
Winter,2020,10.17,25.08,6.07,53.62,16.8,52.93,324.98
Winter,2020,10.17,25.01,6.07,53.66,16.71,53.02,325.02
Winter,2020,10.17,25.03,6.1,53.63,16.72,53.0,325.04
Winter,2020,10.15,25.08,6.1,53.58,16.71,53.01,325.03
Winter,2020,10.11,25.01,6.08,53.61,16.78,53.02,325.01
Winter,2020,10.18,25.08,6.12,53.59,16.78,53.01,324.96
Winter,2020,10.14,25.05,6.06,53.56,16.78,52.96,325.04
Winter,2020,10.18,25.0,6.15,53.57,16.78,53.02,325.05
Winter,2020,10.11,25.08,6.12,53.61,16.74,52.95,324.96
Winter,2020,10.09,25.02,6.12,53.62,16.75,52.98,324.99
Winter,2020,10.09,25.03,6.13,53.65,16.78,52.92,324.96
Winter,2020,10.1,25.08,6.14,53.61,16.78,52.93,324.97
Winter,2020,10.12,25.05,6.1,53.6,16.76,53.01,325.02
Winter,2020,10.19,25.04,6.07,53.63,16.76,52.98,325.01
Winter,2020,10.18,25.09,6.15,53.57,16.77,52.93,325.04
Winter,2020,10.14,25.01,6.13,53.57,16.74,52.95,324.95
Winter,2020,10.18,25.06,6.06,53.59,16.76,52.93,325.0
Winter,2020,10.1,25.1,6.07,53.63,16.79,53.02,325.04
Summer,2020,24.08,41.91,2.2,21.43,30.38,10.55,326.33
Summer,2020,24.07,41.9,2.17,21.45,30.43,10.6,326.34
Summer,2020,24.05,41.9,2.14,21.53,30.4,10.6,326.43
Summer,2020,24.06,41.93,2.16,21.45,30.41,10.56,326.36
Summer,2020,24.1,41.91,2.18,21.49,30.45,10.58,326.39
Summer,2020,24.08,41.92,2.18,21.53,30.4,10.56,326.38
Summer,2020,24.1,41.92,2.18,21.53,30.43,10.6,326.41
Summer,2020,24.03,41.84,2.19,21.46,30.38,10.58,326.34
Summer,2020,24.1,41.83,2.15,21.51,30.4,10.54,326.41
Summer,2020,24.04,41.86,2.15,21.48,30.42,10.52,326.36
Summer,2020,24.08,41.88,2.18,21.45,30.38,10.56,326.39
Summer,2020,24.03,41.91,2.19,21.52,30.47,10.58,326.35
Summer,2020,24.02,41.88,2.11,21.44,30.37,10.59,326.35
Summer,2020,24.03,41.9,2.15,21.43,30.43,10.59,326.42
Summer,2020,24.06,41.85,2.2,21.46,30.43,10.58,326.35
Summer,2020,24.09,41.85,2.14,21.5,30.45,10.57,326.33
Summer,2020,24.03,41.89,2.17,21.45,30.44,10.58,326.43
Summer,2020,24.08,41.92,2.12,21.5,30.42,10.52,326.37
Summer,2020,24.04,41.9,2.17,21.5,30.44,10.5,326.38
Summer,2020,24.04,41.87,2.14,21.45,30.41,10.54,326.41
Summer,2020,24.02,41.87,2.12,21.51,30.41,10.51,326.38
Summer,2020,24.08,41.84,2.14,21.44,30.41,10.59,326.4
Summer,2020,24.07,41.9,2.21,21.51,30.47,10.56,326.33
Summer,2020,24.05,41.91,2.13,21.47,30.38,10.52,326.41
Summer,2020,24.06,41.84,2.14,21.5,30.38,10.6,326.37
Summer,2020,24.08,41.93,2.17,21.44,30.4,10.51,326.35
Summer,2020,24.04,41.88,2.18,21.49,30.38,10.53,326.33
Summer,2020,24.02,41.91,2.14,21.48,30.47,10.55,326.43
Summer,2020,24.1,41.89,2.13,21.46,30.39,10.53,326.39
Summer,2020,24.1,41.84,2.11,21.53,30.38,10.51,326.39
Rainy,2020,18.94,35.67,56.62,204.34,20.14,124.11,313.06
Rainy,2020,18.94,35.69,56.63,204.34,20.13,124.08,313.06
Rainy,2020,18.92,35.7,56.63,204.31,20.2,124.13,313.07
Rainy,2020,18.87,35.73,56.67,204.38,20.14,124.06,313.1
Rainy,2020,18.95,35.64,56.6,204.38,20.15,124.08,313.11
Rainy,2020,18.94,35.66,56.61,204.38,20.21,124.1,313.05
Rainy,2020,18.9,35.7,56.63,204.31,20.15,124.06,313.04
Rainy,2020,18.95,35.63,56.61,204.39,20.15,124.11,313.08
Rainy,2020,18.95,35.66,56.67,204.35,20.21,124.08,313.11
Rainy,2020,18.93,35.65,56.64,204.35,20.16,124.09,313.08
Rainy,2020,18.92,35.64,56.61,204.34,20.19,124.07,313.03
Rainy,2020,18.88,35.67,56.63,204.3,20.19,124.13,313.07
Rainy,2020,18.9,35.65,56.63,204.32,20.17,124.08,313.05
Rainy,2020,18.91,35.71,56.64,204.36,20.15,124.09,313.05
Rainy,2020,18.92,35.71,56.65,204.35,20.19,124.07,313.06
Rainy,2020,18.86,35.63,56.64,204.38,20.14,124.15,313.08
Rainy,2020,18.92,35.71,56.7,204.32,20.21,124.11,313.1
Rainy,2020,18.89,35.67,56.64,204.35,20.19,124.14,313.08
Rainy,2020,18.94,35.66,56.63,204.34,20.18,124.1,313.04
Rainy,2020,18.91,35.69,56.69,204.34,20.21,124.08,313.12
Rainy,2020,18.94,35.72,56.64,204.39,20.17,124.06,313.1
Rainy,2020,18.94,35.71,56.62,204.36,20.14,124.11,313.08
Rainy,2020,18.93,35.67,56.64,204.35,20.16,124.07,313.1
Rainy,2020,18.91,35.73,56.6,204.39,20.18,124.08,313.09
Rainy,2020,18.86,35.65,56.62,204.37,20.13,124.05,313.09
Rainy,2020,18.89,35.68,56.64,204.3,20.2,124.12,313.05
Rainy,2020,18.96,35.67,56.69,204.33,20.17,124.15,313.1
Rainy,2020,18.95,35.72,56.61,204.34,20.15,124.11,313.04
Rainy,2020,18.95,35.69,56.66,204.35,20.2,124.1,313.1
Rainy,2020,18.94,35.67,56.69,204.3,20.14,124.11,313.09
Autumn,2020,14.82,29.69,0.02,57.14,16.84,50.16,325.04
Autumn,2020,14.76,29.64,0,57.1,16.9,50.15,325.04
Autumn,2020,14.78,29.62,0,57.11,16.89,50.1,324.99
Autumn,2020,14.81,29.64,0,57.08,16.91,50.14,324.98
Autumn,2020,14.81,29.62,0,57.07,16.9,50.09,325.0
Autumn,2020,14.75,29.61,0.01,57.07,16.85,50.11,324.96
Autumn,2020,14.79,29.65,0.01,57.06,16.84,50.1,325.02
Autumn,2020,14.78,29.67,0.03,57.08,16.88,50.17,325.04
Autumn,2020,14.76,29.63,0,57.1,16.87,50.1,325.02
Autumn,2020,14.82,29.65,0,57.13,16.88,50.15,325.04
Autumn,2020,14.75,29.68,0.02,57.09,16.84,50.14,325.03
Autumn,2020,14.82,29.65,0.02,57.07,16.89,50.09,325.05
Autumn,2020,14.8,29.63,0.02,57.1,16.89,50.09,325.03
Autumn,2020,14.82,29.6,0.01,57.11,16.83,50.09,325.02
Autumn,2020,14.79,29.68,0,57.14,16.83,50.17,324.98
Autumn,2020,14.79,29.67,0.02,57.12,16.84,50.16,325.0
Autumn,2020,14.78,29.67,0.03,57.14,16.91,50.16,325.01
Autumn,2020,14.82,29.66,0.02,57.09,16.88,50.1,324.95
Autumn,2020,14.77,29.68,0.02,57.15,16.91,50.1,324.99
Autumn,2020,14.79,29.61,0,57.11,16.86,50.17,325.0
Autumn,2020,14.84,29.61,0,57.14,16.89,50.1,325.02
Autumn,2020,14.8,29.67,0.02,57.06,16.87,50.18,324.96
Autumn,2020,14.76,29.63,0,57.12,16.91,50.14,324.97
Autumn,2020,14.76,29.69,0,57.14,16.88,50.09,324.98
Autumn,2020,14.74,29.64,0,57.11,16.82,50.09,325.03
Autumn,2020,14.78,29.62,0.02,57.1,16.89,50.18,325.04
Autumn,2020,14.76,29.62,0.01,57.08,16.91,50.12,324.96
Autumn,2020,14.74,29.66,0.01,57.14,16.88,50.16,324.95
Autumn,2020,14.8,29.63,0.02,57.08,16.85,50.1,324.97
Autumn,2020,14.8,29.6,0,57.14,16.83,50.13,325.03
Winter,2021,11.86,26.11,8.46,41.18,13.33,12.47,325.04
Winter,2021,11.87,26.09,8.49,41.18,13.36,12.48,325.02
Winter,2021,11.83,26.05,8.44,41.23,13.36,12.47,325.03
Winter,2021,11.88,26.05,8.44,41.19,13.31,12.44,325.0
Winter,2021,11.9,26.13,8.47,41.21,13.4,12.41,325.02
Winter,2021,11.89,26.12,8.48,41.16,13.39,12.46,325.03
Winter,2021,11.83,26.08,8.44,41.15,13.4,12.49,325.01
Winter,2021,11.82,26.14,8.49,41.21,13.37,12.44,324.96
Winter,2021,11.87,26.14,8.43,41.21,13.36,12.42,325.01
Winter,2021,11.84,26.11,8.44,41.21,13.37,12.43,324.97
Winter,2021,11.88,26.05,8.48,41.22,13.31,12.47,325.03
Winter,2021,11.88,26.12,8.48,41.15,13.31,12.42,324.98
Winter,2021,11.89,26.1,8.48,41.13,13.4,12.49,324.99
Winter,2021,11.83,26.13,8.48,41.22,13.35,12.44,324.99
Winter,2021,11.84,26.12,8.49,41.23,13.37,12.49,324.99
Winter,2021,11.83,26.07,8.47,41.21,13.36,12.42,324.95
Winter,2021,11.89,26.11,8.47,41.18,13.33,12.48,325.02
Winter,2021,11.91,26.05,8.42,41.17,13.35,12.43,324.99
Winter,2021,11.81,26.07,8.44,41.19,13.37,12.47,325.01
Winter,2021,11.87,26.09,8.44,41.13,13.34,12.48,324.95
Winter,2021,11.9,26.08,8.51,41.22,13.31,12.47,324.95
Winter,2021,11.82,26.07,8.43,41.2,13.39,12.44,325.03
Winter,2021,11.83,26.13,8.44,41.13,13.31,12.45,325.04
Winter,2021,11.89,26.13,8.44,41.13,13.31,12.44,324.98
Winter,2021,11.89,26.08,8.49,41.21,13.3,12.46,325.01
Winter,2021,11.81,26.07,8.43,41.17,13.3,12.42,324.98
Winter,2021,11.87,26.13,8.43,41.17,13.38,12.42,324.97
Winter,2021,11.82,26.06,8.44,41.16,13.38,12.49,324.96
Winter,2021,11.89,26.06,8.5,41.16,13.32,12.41,325.0
Winter,2021,11.85,26.13,8.52,41.19,13.31,12.45,324.99
Summer,2021,26.53,38.42,0,25.23,33.94,14.39,325.01
Summer,2021,26.49,38.45,0,25.3,33.98,14.4,324.96
Summer,2021,26.5,38.4,0.03,25.25,34.0,14.45,325.04
Summer,2021,26.53,38.41,0,25.3,33.99,14.39,325.03
Summer,2021,26.53,38.42,0,25.31,33.96,14.4,325.03
Summer,2021,26.54,38.46,0.02,25.27,33.93,14.46,325.0
Summer,2021,26.47,38.47,0,25.29,33.99,14.41,324.96
Summer,2021,26.46,38.42,0.04,25.29,33.99,14.44,324.99
Summer,2021,26.53,38.46,0.04,25.3,34.0,14.45,324.99
Summer,2021,26.47,38.48,0,25.25,33.96,14.44,324.97
Summer,2021,26.49,38.39,0,25.22,33.99,14.38,325.01
Summer,2021,26.54,38.39,0,25.23,33.99,14.41,325.02
Summer,2021,26.54,38.43,0,25.25,33.93,14.39,324.97
Summer,2021,26.49,38.43,0,25.28,33.94,14.42,324.98
Summer,2021,26.51,38.46,0,25.31,33.91,14.45,324.95
Summer,2021,26.45,38.48,0.05,25.27,33.97,14.42,324.99
Summer,2021,26.49,38.47,0.01,25.24,33.91,14.45,324.96
Summer,2021,26.55,38.49,0.01,25.26,33.91,14.45,324.95
Summer,2021,26.48,38.47,0.02,25.28,33.93,14.41,324.99
Summer,2021,26.54,38.48,0.01,25.31,33.99,14.4,325.0
Summer,2021,26.48,38.46,0,25.26,33.98,14.43,324.97
Summer,2021,26.45,38.47,0,25.28,33.99,14.4,325.0
Summer,2021,26.51,38.45,0,25.23,33.9,14.37,325.01
Summer,2021,26.54,38.46,0,25.29,33.95,14.43,325.02
Summer,2021,26.51,38.43,0.01,25.31,33.97,14.38,325.01
Summer,2021,26.53,38.4,0,25.28,33.93,14.46,325.04
Summer,2021,26.54,38.39,0.03,25.29,33.95,14.42,324.97
Summer,2021,26.45,38.42,0,25.29,33.91,14.42,325.01
Summer,2021,26.48,38.41,0.03,25.26,33.91,14.4,325.03
Summer,2021,26.51,38.47,0,25.23,34.0,14.39,325.01
Rainy,2021,21.51,36.33,57.01,208.13,36.26,100.7,324.96
Rainy,2021,21.46,36.29,57.05,208.11,36.24,100.61,324.97
Rainy,2021,21.47,36.32,57.06,208.11,36.19,100.62,324.96
Rainy,2021,21.5,36.26,57.05,208.08,36.23,100.69,325.03
Rainy,2021,21.46,36.28,57.08,208.11,36.23,100.63,325.05
Rainy,2021,21.51,36.32,57.02,208.1,36.24,100.65,325.02
Rainy,2021,21.46,36.28,56.99,208.06,36.26,100.7,325.03
Rainy,2021,21.51,36.32,57.01,208.15,36.27,100.67,324.99
Rainy,2021,21.45,36.29,57.02,208.14,36.22,100.69,324.97
Rainy,2021,21.45,36.27,56.99,208.13,36.19,100.69,325.0
Rainy,2021,21.44,36.28,56.99,208.13,36.24,100.69,324.96
Rainy,2021,21.5,36.32,57.01,208.13,36.2,100.68,325.01
Rainy,2021,21.44,36.33,57.02,208.09,36.21,100.68,325.02
Rainy,2021,21.48,36.34,57.03,208.1,36.26,100.66,325.03
Rainy,2021,21.44,36.33,57.0,208.11,36.23,100.62,325.02
Rainy,2021,21.48,36.25,57.0,208.13,36.27,100.62,324.97
Rainy,2021,21.47,36.29,57.01,208.1,36.23,100.66,324.97
Rainy,2021,21.51,36.26,57.0,208.12,36.22,100.65,325.02
Rainy,2021,21.52,36.31,57.05,208.11,36.26,100.63,324.95
Rainy,2021,21.46,36.28,57.03,208.14,36.27,100.7,324.99
Rainy,2021,21.51,36.28,57.03,208.08,36.2,100.7,325.0
Rainy,2021,21.45,36.26,57.02,208.16,36.27,100.69,325.0
Rainy,2021,21.49,36.26,57.02,208.11,36.27,100.62,324.99
Rainy,2021,21.42,36.33,56.99,208.12,36.19,100.67,324.96
Rainy,2021,21.45,36.26,57.04,208.1,36.27,100.67,325.0
Rainy,2021,21.52,36.26,57.02,208.08,36.23,100.64,325.02
Rainy,2021,21.5,36.28,57.07,208.11,36.22,100.63,324.95
Rainy,2021,21.42,36.35,56.98,208.12,36.2,100.68,324.99
Rainy,2021,21.49,36.28,57.06,208.06,36.26,100.67,324.98
Rainy,2021,21.47,36.33,57.01,208.09,36.21,100.66,324.98
Autumn,2021,13.2,31.06,0,57.31,22.14,56.73,324.95
Autumn,2021,13.21,31.08,0.03,57.25,22.17,56.73,325.03
Autumn,2021,13.22,31.1,0.01,57.23,22.14,56.79,325.05
Autumn,2021,13.15,31.11,0,57.24,22.2,56.76,324.97
Autumn,2021,13.16,31.08,0,57.23,22.21,56.8,325.0
Autumn,2021,13.15,31.04,0,57.23,22.15,56.77,325.04
Autumn,2021,13.21,31.03,0.02,57.21,22.19,56.72,325.02
Autumn,2021,13.2,31.06,0,57.21,22.21,56.73,324.97
Autumn,2021,13.16,31.1,0,57.23,22.13,56.74,325.02
Autumn,2021,13.23,31.02,0.02,57.21,22.16,56.75,324.96
Autumn,2021,13.16,31.04,0.01,57.25,22.21,56.7,325.04
Autumn,2021,13.17,31.1,0.05,57.23,22.14,56.77,324.96
Autumn,2021,13.23,31.06,0.04,57.3,22.19,56.74,324.97
Autumn,2021,13.14,31.05,0,57.22,22.2,56.72,325.05
Autumn,2021,13.19,31.09,0.04,57.3,22.2,56.74,324.97
Autumn,2021,13.22,31.08,0,57.29,22.16,56.7,325.04
Autumn,2021,13.22,31.08,0,57.27,22.19,56.7,325.02
Autumn,2021,13.15,31.03,0.03,57.3,22.18,56.74,325.0
Autumn,2021,13.15,31.05,0,57.22,22.18,56.78,324.95
Autumn,2021,13.16,31.1,0,57.3,22.13,56.7,325.02
Autumn,2021,13.2,31.04,0.03,57.3,22.12,56.75,325.01
Autumn,2021,13.2,31.08,0,57.27,22.16,56.73,324.99
Autumn,2021,13.14,31.02,0,57.3,22.16,56.76,324.98
Autumn,2021,13.23,31.05,0,57.21,22.13,56.75,324.98
Autumn,2021,13.14,31.04,0.04,57.29,22.13,56.77,325.04
Autumn,2021,13.2,31.06,0.01,57.24,22.2,56.72,325.02
Autumn,2021,13.23,31.07,0,57.29,22.15,56.8,325.02
Autumn,2021,13.14,31.03,0.04,57.21,22.19,56.73,324.99
Autumn,2021,13.22,31.07,0,57.24,22.18,56.77,324.95
Autumn,2021,13.23,31.06,0.04,57.23,22.16,56.75,325.0
Winter,2022,11.13,24.99,0.03,54.1,18.21,20.74,350.03
Winter,2022,11.04,24.96,0,54.14,18.24,20.67,350.04
Winter,2022,11.06,24.99,0,54.15,18.24,20.65,350.0
Winter,2022,11.03,25.0,0,54.09,18.29,20.72,349.97
Winter,2022,11.09,25.04,0,54.14,18.27,20.69,350.0
Winter,2022,11.12,25.05,0,54.17,18.26,20.67,349.96
Winter,2022,11.04,25.03,0.03,54.15,18.22,20.69,350.01
Winter,2022,11.09,25.02,0,54.14,18.23,20.64,350.01
Winter,2022,11.04,24.98,0,54.11,18.21,20.72,350.02
Winter,2022,11.11,25.06,0,54.09,18.3,20.67,349.97
Winter,2022,11.1,25.03,0.01,54.11,18.25,20.68,350.01
Winter,2022,11.1,25.06,0,54.18,18.3,20.67,350.02
Winter,2022,11.04,25.06,0,54.1,18.22,20.71,349.95
Winter,2022,11.07,24.98,0,54.09,18.29,20.7,349.98
Winter,2022,11.11,25.03,0,54.15,18.31,20.71,350.01
Winter,2022,11.09,25.01,0,54.14,18.24,20.65,350.03
Winter,2022,11.04,25.05,0.01,54.15,18.21,20.69,350.05
Winter,2022,11.07,25.03,0,54.16,18.26,20.65,349.96
Winter,2022,11.11,25.02,0,54.14,18.22,20.68,349.98
Winter,2022,11.11,25.06,0,54.15,18.21,20.72,350.02
Winter,2022,11.05,25.02,0.01,54.11,18.28,20.68,350.01
Winter,2022,11.03,25.05,0,54.11,18.24,20.65,350.03
Winter,2022,11.09,25.04,0.01,54.12,18.26,20.65,350.05
Winter,2022,11.12,25.05,0.02,54.1,18.29,20.71,350.01
Winter,2022,11.09,24.99,0.02,54.09,18.25,20.68,349.99
Winter,2022,11.04,24.99,0.02,54.09,18.22,20.64,350.03
Winter,2022,11.08,25.06,0.01,54.12,18.27,20.68,349.95
Winter,2022,11.08,25.0,0.04,54.14,18.22,20.68,349.98
Winter,2022,11.11,24.99,0.03,54.17,18.29,20.64,350.01
Winter,2022,11.1,24.96,0,54.11,18.31,20.72,350.01
Summer,2022,25.06,39.68,3.87,34.21,25.79,10.48,350.03
Summer,2022,25.11,39.74,3.89,34.23,25.73,10.49,350.02
Summer,2022,25.08,39.75,3.84,34.23,25.75,10.51,349.95
Summer,2022,25.11,39.72,3.9,34.21,25.79,10.49,349.96
Summer,2022,25.11,39.66,3.91,34.2,25.72,10.48,350.05
Summer,2022,25.11,39.75,3.9,34.22,25.78,10.48,349.96
Summer,2022,25.1,39.66,3.89,34.23,25.76,10.47,350.04
Summer,2022,25.08,39.69,3.84,34.28,25.75,10.46,350.0
Summer,2022,25.04,39.68,3.87,34.27,25.81,10.49,350.02
Summer,2022,25.1,39.68,3.87,34.26,25.79,10.54,349.97
Summer,2022,25.09,39.74,3.89,34.22,25.79,10.52,350.03
Summer,2022,25.06,39.67,3.84,34.26,25.76,10.46,349.99
Summer,2022,25.09,39.67,3.86,34.28,25.75,10.48,349.99
Summer,2022,25.06,39.74,3.91,34.22,25.75,10.45,350.02
Summer,2022,25.04,39.68,3.88,34.24,25.73,10.49,350.03
Summer,2022,25.1,39.72,3.83,34.25,25.77,10.54,350.01
Summer,2022,25.09,39.69,3.9,34.24,25.8,10.55,350.01
Summer,2022,25.06,39.73,3.86,34.23,25.77,10.51,349.96
Summer,2022,25.11,39.69,3.91,34.23,25.77,10.5,350.02
Summer,2022,25.1,39.74,3.87,34.27,25.8,10.52,349.97
Summer,2022,25.07,39.74,3.88,34.24,25.77,10.51,350.03
Summer,2022,25.03,39.71,3.83,34.27,25.78,10.54,349.96
Summer,2022,25.04,39.66,3.91,34.21,25.79,10.54,349.98
Summer,2022,25.06,39.71,3.91,34.26,25.8,10.54,350.02
Summer,2022,25.04,39.7,3.87,34.22,25.81,10.51,349.96
Summer,2022,25.11,39.66,3.85,34.24,25.73,10.51,350.02
Summer,2022,25.05,39.73,3.83,34.26,25.79,10.5,350.03
Summer,2022,25.12,39.72,3.88,34.22,25.75,10.54,350.03
Summer,2022,25.05,39.67,3.83,34.23,25.77,10.49,350.01
Summer,2022,25.12,39.68,3.88,34.29,25.75,10.48,350.02
Rainy,2022,21.41,34.7,49.42,205.77,33.24,174.27,346.21
Rainy,2022,21.49,34.74,49.41,205.78,33.29,174.3,346.22
Rainy,2022,21.46,34.74,49.41,205.78,33.21,174.21,346.27
Rainy,2022,21.41,34.71,49.46,205.77,33.3,174.3,346.22
Rainy,2022,21.48,34.68,49.48,205.72,33.26,174.24,346.23
Rainy,2022,21.46,34.75,49.5,205.76,33.3,174.24,346.25
Rainy,2022,21.48,34.77,49.42,205.73,33.22,174.25,346.25
Rainy,2022,21.49,34.74,49.5,205.75,33.27,174.22,346.19
Rainy,2022,21.46,34.77,49.49,205.74,33.29,174.28,346.2
Rainy,2022,21.47,34.71,49.45,205.74,33.26,174.26,346.23
Rainy,2022,21.43,34.69,49.48,205.71,33.22,174.28,346.28
Rainy,2022,21.42,34.7,49.44,205.76,33.25,174.29,346.2
Rainy,2022,21.45,34.75,49.46,205.7,33.29,174.26,346.18
Rainy,2022,21.47,34.75,49.47,205.73,33.29,174.27,346.22
Rainy,2022,21.43,34.75,49.43,205.7,33.3,174.3,346.2
Rainy,2022,21.43,34.72,49.47,205.77,33.22,174.28,346.21
Rainy,2022,21.44,34.7,49.47,205.7,33.25,174.21,346.23
Rainy,2022,21.41,34.73,49.42,205.71,33.24,174.28,346.19
Rainy,2022,21.41,34.75,49.48,205.74,33.28,174.2,346.18
Rainy,2022,21.42,34.72,49.5,205.77,33.26,174.23,346.22
Rainy,2022,21.44,34.76,49.43,205.73,33.23,174.26,346.28
Rainy,2022,21.47,34.69,49.44,205.72,33.28,174.26,346.25
Rainy,2022,21.42,34.68,49.43,205.71,33.24,174.21,346.22
Rainy,2022,21.47,34.71,49.49,205.76,33.27,174.21,346.22
Rainy,2022,21.43,34.72,49.42,205.72,33.24,174.24,346.27
Rainy,2022,21.5,34.77,49.42,205.71,33.29,174.21,346.25
Rainy,2022,21.43,34.7,49.48,205.71,33.29,174.23,346.19
Rainy,2022,21.47,34.75,49.5,205.76,33.24,174.26,346.25
Rainy,2022,21.42,34.7,49.45,205.77,33.27,174.28,346.23
Rainy,2022,21.47,34.71,49.47,205.78,33.31,174.23,346.18
Autumn,2022,13.42,30.38,0.03,49.79,25.52,5.36,349.96
Autumn,2022,13.37,30.4,0.05,49.79,25.49,5.43,350.04
Autumn,2022,13.43,30.35,0.03,49.82,25.52,5.41,350.01
Autumn,2022,13.37,30.38,0.02,49.73,25.55,5.36,350.04
Autumn,2022,13.4,30.34,0.04,49.74,25.53,5.37,349.97
Autumn,2022,13.4,30.35,0.03,49.79,25.53,5.44,350.03
Autumn,2022,13.39,30.38,0,49.75,25.52,5.43,349.96
Autumn,2022,13.39,30.36,0.02,49.72,25.57,5.39,350.05
Autumn,2022,13.36,30.38,0,49.81,25.55,5.37,350.01
Autumn,2022,13.45,30.41,0,49.8,25.58,5.44,349.96
Autumn,2022,13.45,30.42,0.02,49.74,25.54,5.4,350.03
Autumn,2022,13.38,30.38,0.04,49.81,25.58,5.37,349.96
Autumn,2022,13.42,30.35,0,49.81,25.53,5.4,350.02
Autumn,2022,13.35,30.39,0.01,49.78,25.56,5.37,350.02
Autumn,2022,13.43,30.36,0,49.75,25.54,5.44,350.03
Autumn,2022,13.38,30.39,0.02,49.74,25.55,5.38,350.01
Autumn,2022,13.4,30.41,0,49.76,25.56,5.45,349.99
Autumn,2022,13.44,30.38,0.02,49.74,25.55,5.42,349.97
Autumn,2022,13.41,30.35,0.02,49.79,25.56,5.39,349.96
Autumn,2022,13.35,30.36,0.03,49.73,25.52,5.45,349.97
Autumn,2022,13.42,30.34,0.03,49.78,25.55,5.42,350.01
Autumn,2022,13.44,30.42,0,49.8,25.55,5.35,350.03
Autumn,2022,13.44,30.39,0,49.74,25.57,5.36,350.05
Autumn,2022,13.36,30.36,0,49.8,25.53,5.44,349.95
Autumn,2022,13.45,30.38,0,49.78,25.55,5.39,349.99
Autumn,2022,13.36,30.36,0,49.78,25.54,5.44,349.99
Autumn,2022,13.38,30.42,0.03,49.75,25.55,5.44,350.03
Autumn,2022,13.41,30.39,0.01,49.8,25.56,5.4,350.02
Autumn,2022,13.38,30.36,0,49.77,25.54,5.36,349.98
Autumn,2022,13.39,30.35,0,49.76,25.55,5.44,349.99
Winter,2023,11.57,25.04,0,55.46,14.36,40.33,350.01
Winter,2023,11.59,25.05,0.02,55.47,14.31,40.35,350.02
Winter,2023,11.56,25.02,0,55.47,14.29,40.33,349.98
Winter,2023,11.59,25.09,0.03,55.48,14.35,40.36,349.98
Winter,2023,11.65,25.03,0.01,55.4,14.37,40.35,349.96
Winter,2023,11.6,25.11,0,55.42,14.32,40.36,349.98
Winter,2023,11.6,25.11,0,55.43,14.38,40.37,350.01
Winter,2023,11.57,25.02,0,55.49,14.37,40.36,350.0
Winter,2023,11.62,25.08,0.05,55.42,14.3,40.33,350.01
Winter,2023,11.59,25.09,0,55.42,14.34,40.32,350.0
Winter,2023,11.59,25.01,0.03,55.47,14.29,40.39,349.96
Winter,2023,11.62,25.08,0,55.42,14.38,40.35,350.04
Winter,2023,11.63,25.04,0,55.44,14.34,40.37,350.05
Winter,2023,11.61,25.05,0.01,55.44,14.37,40.31,349.98
Winter,2023,11.6,25.04,0,55.46,14.28,40.4,350.02
Winter,2023,11.58,25.1,0,55.46,14.35,40.38,349.98
Winter,2023,11.57,25.09,0,55.45,14.37,40.4,350.04
Winter,2023,11.57,25.04,0.03,55.45,14.32,40.36,350.04
Winter,2023,11.57,25.03,0,55.4,14.29,40.33,349.97
Winter,2023,11.61,25.05,0.03,55.4,14.32,40.3,349.97
Winter,2023,11.58,25.03,0.03,55.48,14.35,40.36,350.03
Winter,2023,11.57,25.04,0,55.4,14.35,40.33,349.96
Winter,2023,11.59,25.02,0,55.48,14.36,40.31,350.0
Winter,2023,11.61,25.03,0.05,55.44,14.29,40.32,350.01
Winter,2023,11.6,25.05,0,55.46,14.38,40.35,350.04
Winter,2023,11.64,25.07,0,55.43,14.37,40.37,350.03
Winter,2023,11.55,25.03,0,55.43,14.3,40.32,350.04
Winter,2023,11.57,25.11,0,55.42,14.36,40.32,350.0
Winter,2023,11.6,25.03,0.05,55.44,14.31,40.31,349.96
Winter,2023,11.55,25.09,0,55.42,14.36,40.36,349.99
Summer,2023,26.33,39.38,0.53,35.62,36.86,16.82,350.02
Summer,2023,26.29,39.42,0.53,35.67,36.86,16.84,350.03
Summer,2023,26.33,39.36,0.55,35.66,36.83,16.81,350.02
Summer,2023,26.26,39.39,0.51,35.62,36.92,16.84,350.02
Summer,2023,26.27,39.36,0.52,35.66,36.86,16.77,349.96
Summer,2023,26.3,39.36,0.57,35.65,36.87,16.78,350.03
Summer,2023,26.28,39.35,0.52,35.7,36.86,16.75,349.96
Summer,2023,26.29,39.4,0.51,35.7,36.83,16.78,350.01
Summer,2023,26.31,39.38,0.56,35.61,36.83,16.77,349.96
Summer,2023,26.33,39.42,0.53,35.68,36.83,16.77,349.97
Summer,2023,26.3,39.39,0.55,35.64,36.91,16.74,350.03
Summer,2023,26.34,39.4,0.57,35.63,36.89,16.83,350.02
Summer,2023,26.28,39.41,0.57,35.67,36.88,16.77,349.99
Summer,2023,26.36,39.35,0.51,35.63,36.83,16.75,350.0
Summer,2023,26.29,39.38,0.52,35.65,36.9,16.76,349.97
Summer,2023,26.3,39.37,0.51,35.66,36.86,16.75,350.0
Summer,2023,26.26,39.36,0.56,35.68,36.88,16.79,349.96
Summer,2023,26.28,39.34,0.5,35.68,36.91,16.78,349.99
Summer,2023,26.35,39.38,0.53,35.68,36.91,16.77,349.96
Summer,2023,26.28,39.35,0.51,35.66,36.84,16.75,350.01
Summer,2023,26.33,39.39,0.53,35.62,36.85,16.76,350.04
Summer,2023,26.3,39.39,0.49,35.64,36.84,16.81,350.03
Summer,2023,26.26,39.37,0.55,35.68,36.83,16.76,349.96
Summer,2023,26.36,39.41,0.49,35.62,36.87,16.79,349.96
Summer,2023,26.34,39.4,0.54,35.7,36.86,16.83,350.02
Summer,2023,26.36,39.34,0.58,35.67,36.91,16.79,349.99
Summer,2023,26.34,39.42,0.5,35.61,36.86,16.77,349.99
Summer,2023,26.27,39.37,0.51,35.63,36.87,16.79,349.99
Summer,2023,26.35,39.43,0.56,35.7,36.87,16.84,350.04
Summer,2023,26.32,39.4,0.55,35.7,36.92,16.77,349.96
Rainy,2023,19.12,36.3,40.32,203.33,24.13,93.2,349.99
Rainy,2023,19.21,36.39,40.39,203.35,24.18,93.21,350.02
Rainy,2023,19.17,36.34,40.34,203.39,24.16,93.18,349.95
Rainy,2023,19.18,36.38,40.36,203.35,24.15,93.13,350.04
Rainy,2023,19.11,36.35,40.35,203.37,24.11,93.13,349.96
Rainy,2023,19.18,36.38,40.33,203.4,24.19,93.17,350.05
Rainy,2023,19.17,36.31,40.33,203.32,24.17,93.17,350.01
Rainy,2023,19.19,36.36,40.4,203.41,24.19,93.13,350.02
Rainy,2023,19.16,36.3,40.31,203.36,24.12,93.17,349.99
Rainy,2023,19.19,36.36,40.4,203.4,24.11,93.2,349.96
Rainy,2023,19.17,36.34,40.39,203.41,24.13,93.19,349.98
Rainy,2023,19.19,36.34,40.38,203.38,24.17,93.16,349.96
Rainy,2023,19.14,36.37,40.38,203.39,24.2,93.14,350.0
Rainy,2023,19.2,36.37,40.4,203.32,24.12,93.21,350.02
Rainy,2023,19.15,36.32,40.32,203.39,24.11,93.21,350.02
Rainy,2023,19.14,36.39,40.4,203.41,24.15,93.13,349.96
Rainy,2023,19.17,36.36,40.35,203.33,24.16,93.21,350.0
Rainy,2023,19.17,36.37,40.37,203.36,24.11,93.13,350.01
Rainy,2023,19.16,36.33,40.41,203.41,24.19,93.21,349.98
Rainy,2023,19.2,36.37,40.34,203.34,24.12,93.14,350.03
Rainy,2023,19.12,36.36,40.35,203.35,24.15,93.14,350.01
Rainy,2023,19.13,36.3,40.33,203.42,24.18,93.2,350.02
Rainy,2023,19.14,36.35,40.4,203.39,24.15,93.21,349.99
Rainy,2023,19.18,36.29,40.31,203.34,24.13,93.13,350.01
Rainy,2023,19.13,36.39,40.33,203.37,24.1,93.18,350.03
Rainy,2023,19.12,36.36,40.31,203.4,24.17,93.15,349.98
Rainy,2023,19.14,36.36,40.37,203.33,24.15,93.19,350.02
Rainy,2023,19.12,36.34,40.36,203.42,24.17,93.13,350.04
Rainy,2023,19.2,36.37,40.39,203.36,24.1,93.14,349.99
Rainy,2023,19.17,36.36,40.32,203.4,24.1,93.2,350.0
Autumn,2023,15.1,30.1,0.01,40.76,27.36,13.46,349.98
Autumn,2023,15.12,30.05,0,40.73,27.38,13.49,350.05
Autumn,2023,15.13,30.02,0,40.7,27.44,13.42,350.03
Autumn,2023,15.15,30.1,0,40.72,27.38,13.49,350.0
Autumn,2023,15.11,30.05,0,40.78,27.42,13.48,350.05
Autumn,2023,15.14,30.03,0,40.71,27.43,13.44,350.0
Autumn,2023,15.19,30.04,0.04,40.78,27.42,13.47,350.02
Autumn,2023,15.12,30.06,0.05,40.7,27.44,13.43,350.05
Autumn,2023,15.17,30.09,0,40.73,27.38,13.43,350.01
Autumn,2023,15.16,30.1,0.03,40.77,27.43,13.4,349.96
Autumn,2023,15.11,30.09,0,40.78,27.38,13.41,349.96
Autumn,2023,15.17,30.02,0,40.74,27.43,13.47,349.99
Autumn,2023,15.19,30.09,0,40.76,27.36,13.4,349.98
Autumn,2023,15.14,30.08,0,40.73,27.42,13.45,349.97
Autumn,2023,15.2,30.04,0,40.72,27.36,13.4,350.03
Autumn,2023,15.17,30.08,0,40.8,27.38,13.4,350.03
Autumn,2023,15.13,30.03,0.01,40.79,27.43,13.47,350.01
Autumn,2023,15.13,30.05,0.04,40.72,27.44,13.42,349.95
Autumn,2023,15.1,30.11,0,40.75,27.41,13.43,349.99
Autumn,2023,15.19,30.1,0,40.77,27.35,13.45,350.02
Autumn,2023,15.15,30.03,0.04,40.75,27.39,13.45,350.02
Autumn,2023,15.11,30.02,0.01,40.7,27.4,13.49,350.04
Autumn,2023,15.19,30.09,0.02,40.8,27.42,13.49,350.02
Autumn,2023,15.11,30.04,0.03,40.74,27.39,13.43,350.0
Autumn,2023,15.18,30.02,0,40.77,27.41,13.45,350.02
Autumn,2023,15.16,30.08,0,40.79,27.44,13.48,350.03
Autumn,2023,15.12,30.08,0.02,40.8,27.43,13.39,349.99
Autumn,2023,15.11,30.05,0.03,40.75,27.44,13.41,350.02
Autumn,2023,15.18,30.06,0.02,40.75,27.44,13.48,350.04
Autumn,2023,15.12,30.04,0,40.77,27.43,13.47,349.96
Winter,2024,9.5,25.18,2.76,50.8,19.37,15.49,370.01
Winter,2024,9.48,25.21,2.73,50.84,19.36,15.5,369.99
Winter,2024,9.44,25.21,2.75,50.78,19.39,15.57,369.99
Winter,2024,9.44,25.21,2.81,50.88,19.36,15.51,370.02
Winter,2024,9.49,25.15,2.78,50.84,19.35,15.56,370.02
Winter,2024,9.45,25.22,2.74,50.82,19.42,15.54,369.98
Winter,2024,9.45,25.14,2.81,50.8,19.39,15.54,370.0
Winter,2024,9.49,25.23,2.79,50.84,19.41,15.48,370.01
Winter,2024,9.49,25.2,2.74,50.79,19.42,15.49,369.97
Winter,2024,9.51,25.22,2.74,50.86,19.44,15.52,369.99
Winter,2024,9.52,25.24,2.79,50.84,19.43,15.51,370.05
Winter,2024,9.45,25.19,2.79,50.81,19.42,15.56,370.02
Winter,2024,9.47,25.14,2.79,50.86,19.44,15.51,370.0
Winter,2024,9.47,25.14,2.75,50.84,19.44,15.5,370.03
Winter,2024,9.46,25.22,2.76,50.8,19.44,15.49,370.03
Winter,2024,9.51,25.2,2.83,50.86,19.39,15.5,369.96
Winter,2024,9.46,25.22,2.74,50.78,19.39,15.57,370.01
Winter,2024,9.44,25.18,2.81,50.87,19.36,15.51,370.04
Winter,2024,9.51,25.17,2.82,50.8,19.4,15.48,369.99
Winter,2024,9.49,25.15,2.81,50.79,19.38,15.57,370.0
Winter,2024,9.47,25.21,2.77,50.82,19.42,15.54,370.04
Winter,2024,9.53,25.21,2.81,50.78,19.43,15.51,370.05
Winter,2024,9.46,25.19,2.81,50.84,19.41,15.48,369.99
Winter,2024,9.45,25.2,2.78,50.87,19.42,15.49,369.97
Winter,2024,9.47,25.2,2.78,50.85,19.42,15.52,370.01
Winter,2024,9.5,25.22,2.78,50.79,19.38,15.49,370.02
Winter,2024,9.44,25.24,2.74,50.86,19.4,15.54,369.96
Winter,2024,9.48,25.21,2.73,50.83,19.4,15.55,370.04
Winter,2024,9.49,25.17,2.81,50.83,19.42,15.51,370.02
Winter,2024,9.46,25.15,2.77,50.8,19.38,15.49,369.99
Summer,2024,23.04,41.53,0.79,30.98,26.41,14.3,369.96
Summer,2024,23.05,41.52,0.86,31.0,26.39,14.35,369.96
Summer,2024,23.04,41.49,0.85,31.03,26.39,14.35,370.0
Summer,2024,23.03,41.53,0.77,30.98,26.38,14.28,370.03
Summer,2024,23.04,41.47,0.77,30.98,26.34,14.33,369.96
Summer,2024,23.05,41.51,0.81,31.05,26.34,14.35,370.0
Summer,2024,23.03,41.51,0.83,30.99,26.39,14.37,369.96
Summer,2024,23.05,41.47,0.82,31.02,26.34,14.32,370.03
Summer,2024,23.05,41.54,0.81,31.04,26.38,14.29,370.03
Summer,2024,23.02,41.54,0.78,30.98,26.37,14.32,369.96
Summer,2024,23.02,41.5,0.78,31.03,26.33,14.29,369.99
Summer,2024,23.06,41.47,0.82,30.97,26.32,14.36,370.01
Summer,2024,23.04,41.5,0.87,30.96,26.33,14.35,370.02
Summer,2024,23.04,41.5,0.8,31.02,26.4,14.3,369.98
Summer,2024,23.05,41.48,0.78,30.98,26.32,14.3,369.96
Summer,2024,22.98,41.49,0.85,30.98,26.36,14.32,370.04
Summer,2024,23.06,41.54,0.85,31.01,26.34,14.32,369.99
Summer,2024,23.01,41.52,0.83,30.96,26.32,14.35,369.95
Summer,2024,22.98,41.46,0.86,30.99,26.35,14.35,370.0
Summer,2024,23.06,41.5,0.83,31.05,26.32,14.31,370.02
Summer,2024,23.05,41.45,0.77,31.01,26.39,14.35,369.96
Summer,2024,23.02,41.48,0.87,30.97,26.32,14.38,369.99
Summer,2024,22.99,41.47,0.87,31.04,26.35,14.36,369.98
Summer,2024,23.06,41.46,0.81,30.99,26.32,14.34,369.96
Summer,2024,22.97,41.53,0.8,30.97,26.32,14.34,369.99
Summer,2024,23.05,41.52,0.81,31.02,26.39,14.37,370.04
Summer,2024,23.01,41.53,0.86,31.02,26.36,14.3,369.97
Summer,2024,23.03,41.54,0.78,31.02,26.35,14.37,370.02
Summer,2024,23.0,41.47,0.8,31.06,26.33,14.37,370.0
Summer,2024,22.99,41.47,0.81,30.99,26.39,14.33,370.02
Rainy,2024,20.57,36.7,41.4,193.1,28.62,94.04,369.96
Rainy,2024,20.55,36.69,41.45,193.05,28.55,94.06,370.03
Rainy,2024,20.55,36.67,41.42,193.03,28.6,94.01,370.02
Rainy,2024,20.5,36.67,41.38,193.03,28.57,94.05,369.98
Rainy,2024,20.51,36.73,41.46,193.06,28.59,94.04,369.97
Rainy,2024,20.5,36.68,41.37,193.11,28.61,93.99,370.03
Rainy,2024,20.5,36.65,41.46,193.11,28.63,94.01,370.03
Rainy,2024,20.52,36.7,41.46,193.04,28.64,94.05,370.02
Rainy,2024,20.51,36.64,41.45,193.09,28.59,94.08,370.01
Rainy,2024,20.56,36.74,41.45,193.04,28.61,94.08,369.97
Rainy,2024,20.5,36.64,41.4,193.05,28.61,94.06,370.02
Rainy,2024,20.53,36.7,41.4,193.03,28.58,94.0,370.01
Rainy,2024,20.5,36.67,41.39,193.05,28.55,94.05,369.96
Rainy,2024,20.59,36.73,41.42,193.07,28.62,93.99,370.04
Rainy,2024,20.57,36.72,41.45,193.05,28.56,94.03,370.0
Rainy,2024,20.53,36.64,41.42,193.05,28.6,94.0,369.98
Rainy,2024,20.55,36.7,41.44,193.02,28.61,94.08,369.97
Rainy,2024,20.54,36.68,41.47,193.07,28.58,94.07,370.0
Rainy,2024,20.58,36.72,41.39,193.02,28.6,93.98,370.02
Rainy,2024,20.49,36.69,41.45,193.06,28.57,94.04,370.0
Rainy,2024,20.52,36.7,41.38,193.02,28.56,93.99,369.97
Rainy,2024,20.54,36.74,41.45,193.08,28.65,94.06,370.0
Rainy,2024,20.56,36.72,41.38,193.04,28.63,94.04,369.97
Rainy,2024,20.56,36.72,41.45,193.08,28.59,94.05,370.02
Rainy,2024,20.54,36.71,41.45,193.1,28.61,94.0,370.04
Rainy,2024,20.51,36.66,41.42,193.07,28.63,94.05,369.97
Rainy,2024,20.57,36.66,41.42,193.06,28.61,94.04,370.0
Rainy,2024,20.59,36.65,41.39,193.02,28.57,94.01,370.04
Rainy,2024,20.56,36.65,41.45,193.05,28.64,94.07,370.0
Rainy,2024,20.56,36.65,41.4,193.08,28.65,94.0,370.02
Autumn,2024,15.85,28.37,0,50.83,23.16,30.22,369.99
Autumn,2024,15.85,28.36,0,50.83,23.23,30.26,369.98
Autumn,2024,15.91,28.42,0.04,50.84,23.22,30.3,369.97
Autumn,2024,15.82,28.35,0,50.78,23.25,30.31,370.03
Autumn,2024,15.91,28.34,0.04,50.83,23.2,30.26,370.05
Autumn,2024,15.89,28.41,0,50.84,23.25,30.23,369.95
Autumn,2024,15.87,28.4,0,50.82,23.25,30.21,370.02
Autumn,2024,15.82,28.33,0.05,50.84,23.17,30.24,369.96
Autumn,2024,15.89,28.37,0.03,50.77,23.2,30.31,369.98
Autumn,2024,15.85,28.33,0.04,50.79,23.22,30.25,369.96
Autumn,2024,15.86,28.39,0,50.76,23.25,30.26,369.98
Autumn,2024,15.85,28.34,0.03,50.76,23.17,30.27,370.03
Autumn,2024,15.9,28.37,0.05,50.83,23.22,30.3,369.99
Autumn,2024,15.91,28.42,0,50.8,23.2,30.29,369.98
Autumn,2024,15.82,28.37,0,50.83,23.25,30.26,370.02
Autumn,2024,15.82,28.37,0.02,50.8,23.25,30.3,369.99
Autumn,2024,15.89,28.4,0.01,50.83,23.21,30.23,369.96
Autumn,2024,15.89,28.37,0.02,50.78,23.18,30.23,369.99
Autumn,2024,15.9,28.38,0.04,50.83,23.21,30.28,370.0
Autumn,2024,15.88,28.36,0,50.84,23.19,30.23,370.01
Autumn,2024,15.91,28.39,0,50.85,23.19,30.25,369.97
Autumn,2024,15.89,28.36,0,50.76,23.19,30.26,369.98
Autumn,2024,15.89,28.39,0.03,50.82,23.24,30.27,370.05
Autumn,2024,15.91,28.38,0.05,50.79,23.22,30.26,369.98
Autumn,2024,15.91,28.4,0.02,50.75,23.18,30.27,370.0
Autumn,2024,15.86,28.37,0,50.85,23.22,30.22,369.97
Autumn,2024,15.86,28.43,0,50.83,23.24,30.31,370.04
Autumn,2024,15.87,28.34,0.01,50.75,23.2,30.21,369.97
Autumn,2024,15.85,28.36,0,50.83,23.25,30.3,369.96
Autumn,2024,15.89,28.36,0,50.78,23.25,30.25,370.0
